"","siteID","HOR.VER","name","description","start","end","referenceName","referenceDescription","referenceStart","referenceEnd","xOffset","yOffset","zOffset","pitch","roll","azimuth","referenceLatitude","referenceLongitude","referenceElevation","publicationDate"
"1","HEAL","001.501","CFGLOC102223","Healy Soil Temp Profile SP1, Z1 Depth","2010-01-01T00:00:00Z",2018-12-31 23:59:59,"SOILPL102212","Healy Soil Plot, SP1","2010-01-01T00:00:00Z",NA,2.67,0.19,-0.03,1,0,260,63.875538,-149.213615,679.1,"20200819T214703Z"
"2","HEAL","001.501","CFGLOC102223","Healy Soil Temp Profile SP1, Z1 Depth","2019-01-01T00:00:00Z",NA,"SOILPL102212","Healy Soil Plot, SP1","2010-01-01T00:00:00Z",NA,2.67,0.19,0.24,1,0,260,63.875538,-149.213615,679.1,"20200819T214703Z"
"3","HEAL","001.502","CFGLOC102225","Healy Soil Temp Profile SP1, Z2 Depth","2010-01-01T00:00:00Z",2018-12-31 23:59:59,"SOILPL102212","Healy Soil Plot, SP1","2010-01-01T00:00:00Z",NA,2.67,0.19,-0.07,1,0,260,63.875538,-149.213615,679.1,"20200819T214703Z"
"4","HEAL","001.502","CFGLOC102225","Healy Soil Temp Profile SP1, Z2 Depth","2019-01-01T00:00:00Z",NA,"SOILPL102212","Healy Soil Plot, SP1","2010-01-01T00:00:00Z",NA,2.67,0.19,0.2,1,0,260,63.875538,-149.213615,679.1,"20200819T214703Z"
"5","HEAL","001.503","CFGLOC102227","Healy Soil Temp Profile SP1, Z3 Depth","2010-01-01T00:00:00Z",2018-12-31 23:59:59,"SOILPL102212","Healy Soil Plot, SP1","2010-01-01T00:00:00Z",NA,2.67,0.19,-0.17,1,0,260,63.875538,-149.213615,679.1,"20200819T214703Z"
"6","HEAL","001.503","CFGLOC102227","Healy Soil Temp Profile SP1, Z3 Depth","2019-01-01T00:00:00Z",NA,"SOILPL102212","Healy Soil Plot, SP1","2010-01-01T00:00:00Z",NA,2.67,0.19,0.1,1,0,260,63.875538,-149.213615,679.1,"20200819T214703Z"
"7","HEAL","001.504","CFGLOC102229","Healy Soil Temp Profile SP1, Z4 Depth","2010-01-01T00:00:00Z",2018-12-31 23:59:59,"SOILPL102212","Healy Soil Plot, SP1","2010-01-01T00:00:00Z",NA,2.67,0.19,-0.27,1,0,260,63.875538,-149.213615,679.1,"20200819T214703Z"
"8","HEAL","001.504","CFGLOC102229","Healy Soil Temp Profile SP1, Z4 Depth","2019-01-01T00:00:00Z",NA,"SOILPL102212","Healy Soil Plot, SP1","2010-01-01T00:00:00Z",NA,2.67,0.19,0,1,0,260,63.875538,-149.213615,679.1,"20200819T214703Z"
"9","HEAL","001.505","CFGLOC102231","Healy Soil Temp Profile SP1, Z5 Depth","2010-01-01T00:00:00Z",2018-12-31 23:59:59,"SOILPL102212","Healy Soil Plot, SP1","2010-01-01T00:00:00Z",NA,2.67,0.19,-0.37,1,0,260,63.875538,-149.213615,679.1,"20200819T214703Z"
"10","HEAL","001.505","CFGLOC102231","Healy Soil Temp Profile SP1, Z5 Depth","2019-01-01T00:00:00Z",NA,"SOILPL102212","Healy Soil Plot, SP1","2010-01-01T00:00:00Z",NA,2.67,0.19,-0.1,1,0,260,63.875538,-149.213615,679.1,"20200819T214703Z"
"11","HEAL","001.506","CFGLOC102233","Healy Soil Temp Profile SP1, Z6 Depth","2010-01-01T00:00:00Z",2018-12-31 23:59:59,"SOILPL102212","Healy Soil Plot, SP1","2010-01-01T00:00:00Z",NA,2.67,0.19,-0.47,1,0,260,63.875538,-149.213615,679.1,"20200819T214703Z"
"12","HEAL","001.506","CFGLOC102233","Healy Soil Temp Profile SP1, Z6 Depth","2019-01-01T00:00:00Z",NA,"SOILPL102212","Healy Soil Plot, SP1","2010-01-01T00:00:00Z",NA,2.67,0.19,-0.2,1,0,260,63.875538,-149.213615,679.1,"20200819T214703Z"
"13","HEAL","001.507","CFGLOC102235","Healy Soil Temp Profile SP1, Z7 Depth","2010-01-01T00:00:00Z",2018-12-31 23:59:59,"SOILPL102212","Healy Soil Plot, SP1","2010-01-01T00:00:00Z",NA,2.67,0.19,-0.67,1,0,260,63.875538,-149.213615,679.1,"20200819T214703Z"
"14","HEAL","001.507","CFGLOC102235","Healy Soil Temp Profile SP1, Z7 Depth","2019-01-01T00:00:00Z",NA,"SOILPL102212","Healy Soil Plot, SP1","2010-01-01T00:00:00Z",NA,2.67,0.19,-0.4,1,0,260,63.875538,-149.213615,679.1,"20200819T214703Z"
"15","HEAL","001.508","CFGLOC102237","Healy Soil Temp Profile SP1, Z8 Depth","2010-01-01T00:00:00Z",2018-12-31 23:59:59,"SOILPL102212","Healy Soil Plot, SP1","2010-01-01T00:00:00Z",NA,2.67,0.19,-0.97,1,0,260,63.875538,-149.213615,679.1,"20200819T214703Z"
"16","HEAL","001.508","CFGLOC102237","Healy Soil Temp Profile SP1, Z8 Depth","2019-01-01T00:00:00Z",NA,"SOILPL102212","Healy Soil Plot, SP1","2010-01-01T00:00:00Z",NA,2.67,0.19,-0.7,1,0,260,63.875538,-149.213615,679.1,"20200819T214703Z"
"17","HEAL","001.509","CFGLOC102239","Healy Soil Temp Profile SP1, Z9 Depth","2010-01-01T00:00:00Z",2018-12-31 23:59:59,"SOILPL102212","Healy Soil Plot, SP1","2010-01-01T00:00:00Z",NA,2.67,0.19,-1.57,1,0,260,63.875538,-149.213615,679.1,"20200819T214703Z"
"18","HEAL","001.509","CFGLOC102239","Healy Soil Temp Profile SP1, Z9 Depth","2019-01-01T00:00:00Z",NA,"SOILPL102212","Healy Soil Plot, SP1","2010-01-01T00:00:00Z",NA,2.67,0.19,-1.3,1,0,260,63.875538,-149.213615,679.1,"20200819T214703Z"
"19","HEAL","002.501","CFGLOC102250","Healy Soil Temp Profile SP2, Z1 Depth","2010-01-01T00:00:00Z",2018-12-31 23:59:59,"SOILPL102241","Healy Soil Plot, SP2","2010-01-01T00:00:00Z",NA,3.22,0.11,-0.02,0.5,0,330,63.875256,-149.214271,680.4,"20200819T214703Z"
"20","HEAL","002.501","CFGLOC102250","Healy Soil Temp Profile SP2, Z1 Depth","2019-01-01T00:00:00Z",NA,"SOILPL102241","Healy Soil Plot, SP2","2010-01-01T00:00:00Z",NA,3.22,0.11,0.21,0.5,0,330,63.875256,-149.214271,680.4,"20200819T214703Z"
"21","HEAL","002.502","CFGLOC102252","Healy Soil Temp Profile SP2, Z2 Depth","2010-01-01T00:00:00Z",2018-12-31 23:59:59,"SOILPL102241","Healy Soil Plot, SP2","2010-01-01T00:00:00Z",NA,3.22,0.11,-0.06,0.5,0,330,63.875256,-149.214271,680.4,"20200819T214703Z"
"22","HEAL","002.502","CFGLOC102252","Healy Soil Temp Profile SP2, Z2 Depth","2019-01-01T00:00:00Z",NA,"SOILPL102241","Healy Soil Plot, SP2","2010-01-01T00:00:00Z",NA,3.22,0.11,0.17,0.5,0,330,63.875256,-149.214271,680.4,"20200819T214703Z"
"23","HEAL","002.503","CFGLOC102254","Healy Soil Temp Profile SP2, Z3 Depth","2010-01-01T00:00:00Z",2018-12-31 23:59:59,"SOILPL102241","Healy Soil Plot, SP2","2010-01-01T00:00:00Z",NA,3.22,0.11,-0.16,0.5,0,330,63.875256,-149.214271,680.4,"20200819T214703Z"
"24","HEAL","002.503","CFGLOC102254","Healy Soil Temp Profile SP2, Z3 Depth","2019-01-01T00:00:00Z",NA,"SOILPL102241","Healy Soil Plot, SP2","2010-01-01T00:00:00Z",NA,3.22,0.11,0.07,0.5,0,330,63.875256,-149.214271,680.4,"20200819T214703Z"
"25","HEAL","002.504","CFGLOC102256","Healy Soil Temp Profile SP2, Z4 Depth","2010-01-01T00:00:00Z",2018-12-31 23:59:59,"SOILPL102241","Healy Soil Plot, SP2","2010-01-01T00:00:00Z",NA,3.22,0.11,-0.26,0.5,0,330,63.875256,-149.214271,680.4,"20200819T214703Z"
"26","HEAL","002.504","CFGLOC102256","Healy Soil Temp Profile SP2, Z4 Depth","2019-01-01T00:00:00Z",NA,"SOILPL102241","Healy Soil Plot, SP2","2010-01-01T00:00:00Z",NA,3.22,0.11,-0.03,0.5,0,330,63.875256,-149.214271,680.4,"20200819T214703Z"
"27","HEAL","002.505","CFGLOC102258","Healy Soil Temp Profile SP2, Z5 Depth","2010-01-01T00:00:00Z",2018-12-31 23:59:59,"SOILPL102241","Healy Soil Plot, SP2","2010-01-01T00:00:00Z",NA,3.22,0.11,-0.36,0.5,0,330,63.875256,-149.214271,680.4,"20200819T214703Z"
"28","HEAL","002.505","CFGLOC102258","Healy Soil Temp Profile SP2, Z5 Depth","2019-01-01T00:00:00Z",NA,"SOILPL102241","Healy Soil Plot, SP2","2010-01-01T00:00:00Z",NA,3.22,0.11,-0.13,0.5,0,330,63.875256,-149.214271,680.4,"20200819T214703Z"
"29","HEAL","002.506","CFGLOC102260","Healy Soil Temp Profile SP2, Z6 Depth","2010-01-01T00:00:00Z",2018-12-31 23:59:59,"SOILPL102241","Healy Soil Plot, SP2","2010-01-01T00:00:00Z",NA,3.22,0.11,-0.46,0.5,0,330,63.875256,-149.214271,680.4,"20200819T214703Z"
"30","HEAL","002.506","CFGLOC102260","Healy Soil Temp Profile SP2, Z6 Depth","2019-01-01T00:00:00Z",NA,"SOILPL102241","Healy Soil Plot, SP2","2010-01-01T00:00:00Z",NA,3.22,0.11,-0.23,0.5,0,330,63.875256,-149.214271,680.4,"20200819T214703Z"
"31","HEAL","002.507","CFGLOC102262","Healy Soil Temp Profile SP2, Z7 Depth","2010-01-01T00:00:00Z",2018-12-31 23:59:59,"SOILPL102241","Healy Soil Plot, SP2","2010-01-01T00:00:00Z",NA,3.22,0.11,-0.66,0.5,0,330,63.875256,-149.214271,680.4,"20200819T214703Z"
"32","HEAL","002.507","CFGLOC102262","Healy Soil Temp Profile SP2, Z7 Depth","2019-01-01T00:00:00Z",NA,"SOILPL102241","Healy Soil Plot, SP2","2010-01-01T00:00:00Z",NA,3.22,0.11,-0.43,0.5,0,330,63.875256,-149.214271,680.4,"20200819T214703Z"
"33","HEAL","002.508","CFGLOC102264","Healy Soil Temp Profile SP2, Z8 Depth","2010-01-01T00:00:00Z",2018-12-31 23:59:59,"SOILPL102241","Healy Soil Plot, SP2","2010-01-01T00:00:00Z",NA,3.22,0.11,-0.96,0.5,0,330,63.875256,-149.214271,680.4,"20200819T214703Z"
"34","HEAL","002.508","CFGLOC102264","Healy Soil Temp Profile SP2, Z8 Depth","2019-01-01T00:00:00Z",NA,"SOILPL102241","Healy Soil Plot, SP2","2010-01-01T00:00:00Z",NA,3.22,0.11,-0.73,0.5,0,330,63.875256,-149.214271,680.4,"20200819T214703Z"
"35","HEAL","002.509","CFGLOC102266","Healy Soil Temp Profile SP2, Z9 Depth","2010-01-01T00:00:00Z",2018-12-31 23:59:59,"SOILPL102241","Healy Soil Plot, SP2","2010-01-01T00:00:00Z",NA,3.22,0.11,-1.36,0.5,0,330,63.875256,-149.214271,680.4,"20200819T214703Z"
"36","HEAL","002.509","CFGLOC102266","Healy Soil Temp Profile SP2, Z9 Depth","2019-01-01T00:00:00Z",NA,"SOILPL102241","Healy Soil Plot, SP2","2010-01-01T00:00:00Z",NA,3.22,0.11,-1.13,0.5,0,330,63.875256,-149.214271,680.4,"20200819T214703Z"
"37","HEAL","003.501","CFGLOC102280","Healy Soil Temp Profile SP3, Z1 Depth","2010-01-01T00:00:00Z",2018-12-31 23:59:59,"SOILPL102268","Healy Soil Plot, SP3","2010-01-01T00:00:00Z",NA,3.18,0.15,-0.02,0.6,0,75,63.874974,-149.214926,682,"20200819T214703Z"
"38","HEAL","003.501","CFGLOC102280","Healy Soil Temp Profile SP3, Z1 Depth","2019-01-01T00:00:00Z",NA,"SOILPL102268","Healy Soil Plot, SP3","2010-01-01T00:00:00Z",NA,3.18,0.15,0.21,0.6,0,75,63.874974,-149.214926,682,"20200819T214703Z"
"39","HEAL","003.502","CFGLOC102282","Healy Soil Temp Profile SP3, Z2 Depth","2010-01-01T00:00:00Z",2018-12-31 23:59:59,"SOILPL102268","Healy Soil Plot, SP3","2010-01-01T00:00:00Z",NA,3.18,0.15,-0.06,0.6,0,75,63.874974,-149.214926,682,"20200819T214703Z"
"40","HEAL","003.502","CFGLOC102282","Healy Soil Temp Profile SP3, Z2 Depth","2019-01-01T00:00:00Z",NA,"SOILPL102268","Healy Soil Plot, SP3","2010-01-01T00:00:00Z",NA,3.18,0.15,0.17,0.6,0,75,63.874974,-149.214926,682,"20200819T214703Z"
"41","HEAL","003.503","CFGLOC102284","Healy Soil Temp Profile SP3, Z3 Depth","2010-01-01T00:00:00Z",2018-12-31 23:59:59,"SOILPL102268","Healy Soil Plot, SP3","2010-01-01T00:00:00Z",NA,3.18,0.15,-0.16,0.6,0,75,63.874974,-149.214926,682,"20200819T214703Z"
"42","HEAL","003.503","CFGLOC102284","Healy Soil Temp Profile SP3, Z3 Depth","2019-01-01T00:00:00Z",NA,"SOILPL102268","Healy Soil Plot, SP3","2010-01-01T00:00:00Z",NA,3.18,0.15,0.07,0.6,0,75,63.874974,-149.214926,682,"20200819T214703Z"
"43","HEAL","003.504","CFGLOC102286","Healy Soil Temp Profile SP3, Z4 Depth","2010-01-01T00:00:00Z",2018-12-31 23:59:59,"SOILPL102268","Healy Soil Plot, SP3","2010-01-01T00:00:00Z",NA,3.18,0.15,-0.26,0.6,0,75,63.874974,-149.214926,682,"20200819T214703Z"
"44","HEAL","003.504","CFGLOC102286","Healy Soil Temp Profile SP3, Z4 Depth","2019-01-01T00:00:00Z",NA,"SOILPL102268","Healy Soil Plot, SP3","2010-01-01T00:00:00Z",NA,3.18,0.15,-0.03,0.6,0,75,63.874974,-149.214926,682,"20200819T214703Z"
"45","HEAL","003.505","CFGLOC102288","Healy Soil Temp Profile SP3, Z5 Depth","2010-01-01T00:00:00Z",2018-12-31 23:59:59,"SOILPL102268","Healy Soil Plot, SP3","2010-01-01T00:00:00Z",NA,3.18,0.15,-0.36,0.6,0,75,63.874974,-149.214926,682,"20200819T214703Z"
"46","HEAL","003.505","CFGLOC102288","Healy Soil Temp Profile SP3, Z5 Depth","2019-01-01T00:00:00Z",NA,"SOILPL102268","Healy Soil Plot, SP3","2010-01-01T00:00:00Z",NA,3.18,0.15,-0.13,0.6,0,75,63.874974,-149.214926,682,"20200819T214703Z"
"47","HEAL","003.506","CFGLOC102290","Healy Soil Temp Profile SP3, Z6 Depth","2010-01-01T00:00:00Z",2018-12-31 23:59:59,"SOILPL102268","Healy Soil Plot, SP3","2010-01-01T00:00:00Z",NA,3.18,0.15,-0.46,0.6,0,75,63.874974,-149.214926,682,"20200819T214703Z"
"48","HEAL","003.506","CFGLOC102290","Healy Soil Temp Profile SP3, Z6 Depth","2019-01-01T00:00:00Z",NA,"SOILPL102268","Healy Soil Plot, SP3","2010-01-01T00:00:00Z",NA,3.18,0.15,-0.23,0.6,0,75,63.874974,-149.214926,682,"20200819T214703Z"
"49","HEAL","003.507","CFGLOC102292","Healy Soil Temp Profile SP3, Z7 Depth","2010-01-01T00:00:00Z",2018-12-31 23:59:59,"SOILPL102268","Healy Soil Plot, SP3","2010-01-01T00:00:00Z",NA,3.18,0.15,-0.66,0.6,0,75,63.874974,-149.214926,682,"20200819T214703Z"
"50","HEAL","003.507","CFGLOC102292","Healy Soil Temp Profile SP3, Z7 Depth","2019-01-01T00:00:00Z",NA,"SOILPL102268","Healy Soil Plot, SP3","2010-01-01T00:00:00Z",NA,3.18,0.15,-0.43,0.6,0,75,63.874974,-149.214926,682,"20200819T214703Z"
"51","HEAL","003.508","CFGLOC102294","Healy Soil Temp Profile SP3, Z8 Depth","2010-01-01T00:00:00Z",2018-12-31 23:59:59,"SOILPL102268","Healy Soil Plot, SP3","2010-01-01T00:00:00Z",NA,3.18,0.15,-0.96,0.6,0,75,63.874974,-149.214926,682,"20200819T214703Z"
"52","HEAL","003.508","CFGLOC102294","Healy Soil Temp Profile SP3, Z8 Depth","2019-01-01T00:00:00Z",NA,"SOILPL102268","Healy Soil Plot, SP3","2010-01-01T00:00:00Z",NA,3.18,0.15,-0.73,0.6,0,75,63.874974,-149.214926,682,"20200819T214703Z"
"53","HEAL","003.509","CFGLOC102296","Healy Soil Temp Profile SP3, Z9 Depth","2010-01-01T00:00:00Z",2018-12-31 23:59:59,"SOILPL102268","Healy Soil Plot, SP3","2010-01-01T00:00:00Z",NA,3.18,0.15,-1.26,0.6,0,75,63.874974,-149.214926,682,"20200819T214703Z"
"54","HEAL","003.509","CFGLOC102296","Healy Soil Temp Profile SP3, Z9 Depth","2019-01-01T00:00:00Z",NA,"SOILPL102268","Healy Soil Plot, SP3","2010-01-01T00:00:00Z",NA,3.18,0.15,-1.03,0.6,0,75,63.874974,-149.214926,682,"20200819T214703Z"
"55","HEAL","004.501","CFGLOC102308","Healy Soil Temp Profile SP4, Z1 Depth","2010-01-01T00:00:00Z",2018-12-31 23:59:59,"SOILPL102299","Healy Soil Plot, SP4","2010-01-01T00:00:00Z",NA,3.09,0.07,-0.02,1.2,0,160,63.874692,-149.215581,683.8,"20200819T214703Z"
"56","HEAL","004.501","CFGLOC102308","Healy Soil Temp Profile SP4, Z1 Depth","2019-01-01T00:00:00Z",NA,"SOILPL102299","Healy Soil Plot, SP4","2010-01-01T00:00:00Z",NA,3.09,0.07,0.28,1.2,0,160,63.874692,-149.215581,683.8,"20200819T214703Z"
"57","HEAL","004.502","CFGLOC102310","Healy Soil Temp Profile SP4, Z2 Depth","2010-01-01T00:00:00Z",2018-12-31 23:59:59,"SOILPL102299","Healy Soil Plot, SP4","2010-01-01T00:00:00Z",NA,3.09,0.07,-0.06,1.2,0,160,63.874692,-149.215581,683.8,"20200819T214703Z"
"58","HEAL","004.502","CFGLOC102310","Healy Soil Temp Profile SP4, Z2 Depth","2019-01-01T00:00:00Z",NA,"SOILPL102299","Healy Soil Plot, SP4","2010-01-01T00:00:00Z",NA,3.09,0.07,0.24,1.2,0,160,63.874692,-149.215581,683.8,"20200819T214703Z"
"59","HEAL","004.503","CFGLOC102312","Healy Soil Temp Profile SP4, Z3 Depth","2010-01-01T00:00:00Z",2018-12-31 23:59:59,"SOILPL102299","Healy Soil Plot, SP4","2010-01-01T00:00:00Z",NA,3.09,0.07,-0.16,1.2,0,160,63.874692,-149.215581,683.8,"20200819T214703Z"
"60","HEAL","004.503","CFGLOC102312","Healy Soil Temp Profile SP4, Z3 Depth","2019-01-01T00:00:00Z",NA,"SOILPL102299","Healy Soil Plot, SP4","2010-01-01T00:00:00Z",NA,3.09,0.07,0.14,1.2,0,160,63.874692,-149.215581,683.8,"20200819T214703Z"
"61","HEAL","004.504","CFGLOC102314","Healy Soil Temp Profile SP4, Z4 Depth","2010-01-01T00:00:00Z",2018-12-31 23:59:59,"SOILPL102299","Healy Soil Plot, SP4","2010-01-01T00:00:00Z",NA,3.09,0.07,-0.26,1.2,0,160,63.874692,-149.215581,683.8,"20200819T214703Z"
"62","HEAL","004.504","CFGLOC102314","Healy Soil Temp Profile SP4, Z4 Depth","2019-01-01T00:00:00Z",NA,"SOILPL102299","Healy Soil Plot, SP4","2010-01-01T00:00:00Z",NA,3.09,0.07,0.04,1.2,0,160,63.874692,-149.215581,683.8,"20200819T214703Z"
"63","HEAL","004.505","CFGLOC102316","Healy Soil Temp Profile SP4, Z5 Depth","2010-01-01T00:00:00Z",2018-12-31 23:59:59,"SOILPL102299","Healy Soil Plot, SP4","2010-01-01T00:00:00Z",NA,3.09,0.07,-0.36,1.2,0,160,63.874692,-149.215581,683.8,"20200819T214703Z"
"64","HEAL","004.505","CFGLOC102316","Healy Soil Temp Profile SP4, Z5 Depth","2019-01-01T00:00:00Z",NA,"SOILPL102299","Healy Soil Plot, SP4","2010-01-01T00:00:00Z",NA,3.09,0.07,-0.06,1.2,0,160,63.874692,-149.215581,683.8,"20200819T214703Z"
"65","HEAL","004.506","CFGLOC102318","Healy Soil Temp Profile SP4, Z6 Depth","2010-01-01T00:00:00Z",2018-12-31 23:59:59,"SOILPL102299","Healy Soil Plot, SP4","2010-01-01T00:00:00Z",NA,3.09,0.07,-0.46,1.2,0,160,63.874692,-149.215581,683.8,"20200819T214703Z"
"66","HEAL","004.506","CFGLOC102318","Healy Soil Temp Profile SP4, Z6 Depth","2019-01-01T00:00:00Z",NA,"SOILPL102299","Healy Soil Plot, SP4","2010-01-01T00:00:00Z",NA,3.09,0.07,-0.16,1.2,0,160,63.874692,-149.215581,683.8,"20200819T214703Z"
"67","HEAL","004.507","CFGLOC102320","Healy Soil Temp Profile SP4, Z7 Depth","2010-01-01T00:00:00Z",2018-12-31 23:59:59,"SOILPL102299","Healy Soil Plot, SP4","2010-01-01T00:00:00Z",NA,3.09,0.07,-0.66,1.2,0,160,63.874692,-149.215581,683.8,"20200819T214703Z"
"68","HEAL","004.507","CFGLOC102320","Healy Soil Temp Profile SP4, Z7 Depth","2019-01-01T00:00:00Z",NA,"SOILPL102299","Healy Soil Plot, SP4","2010-01-01T00:00:00Z",NA,3.09,0.07,-0.36,1.2,0,160,63.874692,-149.215581,683.8,"20200819T214703Z"
"69","HEAL","004.508","CFGLOC102322","Healy Soil Temp Profile SP4, Z8 Depth","2010-01-01T00:00:00Z",2018-12-31 23:59:59,"SOILPL102299","Healy Soil Plot, SP4","2010-01-01T00:00:00Z",NA,3.09,0.07,-0.96,1.2,0,160,63.874692,-149.215581,683.8,"20200819T214703Z"
"70","HEAL","004.508","CFGLOC102322","Healy Soil Temp Profile SP4, Z8 Depth","2019-01-01T00:00:00Z",NA,"SOILPL102299","Healy Soil Plot, SP4","2010-01-01T00:00:00Z",NA,3.09,0.07,-0.66,1.2,0,160,63.874692,-149.215581,683.8,"20200819T214703Z"
"71","HEAL","004.509","CFGLOC102324","Healy Soil Temp Profile SP4, Z9 Depth","2010-01-01T00:00:00Z",2018-12-31 23:59:59,"SOILPL102299","Healy Soil Plot, SP4","2010-01-01T00:00:00Z",NA,3.09,0.07,-1.66,1.2,0,160,63.874692,-149.215581,683.8,"20200819T214703Z"
"72","HEAL","004.509","CFGLOC102324","Healy Soil Temp Profile SP4, Z9 Depth","2019-01-01T00:00:00Z",NA,"SOILPL102299","Healy Soil Plot, SP4","2010-01-01T00:00:00Z",NA,3.09,0.07,-1.36,1.2,0,160,63.874692,-149.215581,683.8,"20200819T214703Z"
"73","HEAL","005.501","CFGLOC102338","Healy Soil Temp Profile SP5, Z1 Depth","2010-01-01T00:00:00Z",2018-12-31 23:59:59,"SOILPL102326","Healy Soil Plot, SP5","2010-01-01T00:00:00Z",NA,3.1,0.98,-0.02,0.6,0,350,63.87441,-149.216237,685.4,"20200819T214703Z"
"74","HEAL","005.501","CFGLOC102338","Healy Soil Temp Profile SP5, Z1 Depth","2019-01-01T00:00:00Z",NA,"SOILPL102326","Healy Soil Plot, SP5","2010-01-01T00:00:00Z",NA,3.1,0.98,0.25,0.6,0,350,63.87441,-149.216237,685.4,"20200819T214703Z"
"75","HEAL","005.502","CFGLOC102340","Healy Soil Temp Profile SP5, Z2 Depth","2010-01-01T00:00:00Z",2018-12-31 23:59:59,"SOILPL102326","Healy Soil Plot, SP5","2010-01-01T00:00:00Z",NA,3.1,0.98,-0.06,0.6,0,350,63.87441,-149.216237,685.4,"20200819T214703Z"
"76","HEAL","005.502","CFGLOC102340","Healy Soil Temp Profile SP5, Z2 Depth","2019-01-01T00:00:00Z",NA,"SOILPL102326","Healy Soil Plot, SP5","2010-01-01T00:00:00Z",NA,3.1,0.98,0.21,0.6,0,350,63.87441,-149.216237,685.4,"20200819T214703Z"
"77","HEAL","005.503","CFGLOC102342","Healy Soil Temp Profile SP5, Z3 Depth","2010-01-01T00:00:00Z",2018-12-31 23:59:59,"SOILPL102326","Healy Soil Plot, SP5","2010-01-01T00:00:00Z",NA,3.1,0.98,-0.16,0.6,0,350,63.87441,-149.216237,685.4,"20200819T214703Z"
"78","HEAL","005.503","CFGLOC102342","Healy Soil Temp Profile SP5, Z3 Depth","2019-01-01T00:00:00Z",NA,"SOILPL102326","Healy Soil Plot, SP5","2010-01-01T00:00:00Z",NA,3.1,0.98,0.11,0.6,0,350,63.87441,-149.216237,685.4,"20200819T214703Z"
"79","HEAL","005.504","CFGLOC102344","Healy Soil Temp Profile SP5, Z4 Depth","2010-01-01T00:00:00Z",2018-12-31 23:59:59,"SOILPL102326","Healy Soil Plot, SP5","2010-01-01T00:00:00Z",NA,3.1,0.98,-0.26,0.6,0,350,63.87441,-149.216237,685.4,"20200819T214703Z"
"80","HEAL","005.504","CFGLOC102344","Healy Soil Temp Profile SP5, Z4 Depth","2019-01-01T00:00:00Z",NA,"SOILPL102326","Healy Soil Plot, SP5","2010-01-01T00:00:00Z",NA,3.1,0.98,0.01,0.6,0,350,63.87441,-149.216237,685.4,"20200819T214703Z"
"81","HEAL","005.505","CFGLOC102346","Healy Soil Temp Profile SP5, Z5 Depth","2010-01-01T00:00:00Z",2018-12-31 23:59:59,"SOILPL102326","Healy Soil Plot, SP5","2010-01-01T00:00:00Z",NA,3.1,0.98,-0.36,0.6,0,350,63.87441,-149.216237,685.4,"20200819T214703Z"
"82","HEAL","005.505","CFGLOC102346","Healy Soil Temp Profile SP5, Z5 Depth","2019-01-01T00:00:00Z",NA,"SOILPL102326","Healy Soil Plot, SP5","2010-01-01T00:00:00Z",NA,3.1,0.98,-0.09,0.6,0,350,63.87441,-149.216237,685.4,"20200819T214703Z"
"83","HEAL","005.506","CFGLOC102348","Healy Soil Temp Profile SP5, Z6 Depth","2010-01-01T00:00:00Z",2018-12-31 23:59:59,"SOILPL102326","Healy Soil Plot, SP5","2010-01-01T00:00:00Z",NA,3.1,0.98,-0.46,0.6,0,350,63.87441,-149.216237,685.4,"20200819T214703Z"
"84","HEAL","005.506","CFGLOC102348","Healy Soil Temp Profile SP5, Z6 Depth","2019-01-01T00:00:00Z",NA,"SOILPL102326","Healy Soil Plot, SP5","2010-01-01T00:00:00Z",NA,3.1,0.98,-0.19,0.6,0,350,63.87441,-149.216237,685.4,"20200819T214703Z"
"85","HEAL","005.507","CFGLOC102350","Healy Soil Temp Profile SP5, Z7 Depth","2010-01-01T00:00:00Z",2018-12-31 23:59:59,"SOILPL102326","Healy Soil Plot, SP5","2010-01-01T00:00:00Z",NA,3.1,0.98,-0.66,0.6,0,350,63.87441,-149.216237,685.4,"20200819T214703Z"
"86","HEAL","005.507","CFGLOC102350","Healy Soil Temp Profile SP5, Z7 Depth","2019-01-01T00:00:00Z",NA,"SOILPL102326","Healy Soil Plot, SP5","2010-01-01T00:00:00Z",NA,3.1,0.98,-0.39,0.6,0,350,63.87441,-149.216237,685.4,"20200819T214703Z"
"87","HEAL","005.508","CFGLOC102352","Healy Soil Temp Profile SP5, Z8 Depth","2010-01-01T00:00:00Z",2018-12-31 23:59:59,"SOILPL102326","Healy Soil Plot, SP5","2010-01-01T00:00:00Z",NA,3.1,0.98,-0.96,0.6,0,350,63.87441,-149.216237,685.4,"20200819T214703Z"
"88","HEAL","005.508","CFGLOC102352","Healy Soil Temp Profile SP5, Z8 Depth","2019-01-01T00:00:00Z",NA,"SOILPL102326","Healy Soil Plot, SP5","2010-01-01T00:00:00Z",NA,3.1,0.98,-0.69,0.6,0,350,63.87441,-149.216237,685.4,"20200819T214703Z"
"89","HEAL","005.509","CFGLOC102354","Healy Soil Temp Profile SP5, Z9 Depth","2010-01-01T00:00:00Z",2018-12-31 23:59:59,"SOILPL102326","Healy Soil Plot, SP5","2010-01-01T00:00:00Z",NA,3.1,0.98,-1.26,0.6,0,350,63.87441,-149.216237,685.4,"20200819T214703Z"
"90","HEAL","005.509","CFGLOC102354","Healy Soil Temp Profile SP5, Z9 Depth","2019-01-01T00:00:00Z",NA,"SOILPL102326","Healy Soil Plot, SP5","2010-01-01T00:00:00Z",NA,3.1,0.98,-0.99,0.6,0,350,63.87441,-149.216237,685.4,"20200819T214703Z"
