,site_ID,plot,horizon,top_depth.cm,bottom_depth.cm,thickness.cm,,,,,,,,,,,,,,,
1,ABBY,1,A,0.0,15.0,15.0,,,,,,,,,,,,,,,
2,ABBY,1,AB,15.0,35.0,20.0,,,,,,,,,,,,,,,
3,ABBY,1,Bt1,35.0,43.0,8.0,,,,,,,,,,,,,,,
4,ABBY,1,Bt2,43.0,75.0,32.0,,,,,,,,,,,,,,,
5,ABBY,1,Bt3,75.0,88.0,13.0,,,,,,,,,,,,,,,
6,ABBY,1,BC,88.0,115.0,27.0,,,,,,,,,,,,,,,
7,ABBY,1,Cr,115.0,178.5,63.5,,,,,,,,,,,,,,,
8,ABBY,2,Oe,0.0,4.0,4.0,,,,,,,,,,,,,,,
9,ABBY,2,A,4.0,29.0,25.0,,,,,,,,,,,,,,,
10,ABBY,2,Bt1,29.0,46.0,17.0,,,,,,,,,,,,,,,
11,ABBY,2,Bt2,46.0,80.0,34.0,,,,,,,,,,,,,,,
12,ABBY,2,BC,80.0,93.0,13.0,,,,,,,,,,,,,,,
13,ABBY,2,Cr,93.0,132.5,39.5,,,,,,,,,,,,,,,
14,ABBY,3,O/A,0.0,8.0,8.0,,,,,,,,,,,,,,,
15,ABBY,3,A,8.0,23.0,15.0,,,,,,,,,,,,,,,
16,ABBY,3,AB,23.0,41.0,18.0,,,,,,,,,,,,,,,
17,ABBY,3,Bt1,41.0,56.0,15.0,,,,,,,,,,,,,,,
18,ABBY,3,Bt2,56.0,93.0,37.0,,,,,,,,,,,,,,,
19,ABBY,3,C/B,93.0,149.0,56.0,,,,,,,,,,,,,,,
20,ABBY,4,Oe,0.0,3.0,3.0,,,,,,,,,,,,,,,
21,ABBY,4,A1,3.0,17.0,14.0,,,,,,,,,,,,,,,
22,ABBY,4,A2,17.0,30.0,13.0,,,,,,,,,,,,,,,
23,ABBY,4,A/B,30.0,37.0,7.0,,,,,,,,,,,,,,,
24,ABBY,4,Bt1,37.0,58.0,21.0,,,,,,,,,,,,,,,
25,ABBY,4,Bt2,58.0,99.0,41.0,,,,,,,,,,,,,,,
26,ABBY,4,BC,99.0,117.0,18.0,,,,,,,,,,,,,,,
27,ABBY,4,Cr,117.0,170.0,53.0,,,,,,,,,,,,,,,
28,ABBY,5,Oe,0.0,4.0,4.0,,,,,,,,,,,,,,,
29,ABBY,5,A,4.0,17.0,13.0,,,,,,,,,,,,,,,
30,ABBY,5,AB,17.0,34.0,17.0,,,,,,,,,,,,,,,
31,ABBY,5,Bt1,34.0,61.0,27.0,,,,,,,,,,,,,,,
32,ABBY,5,Bt2,61.0,81.0,20.0,,,,,,,,,,,,,,,
33,ABBY,5,BC,81.0,139.0,58.0,,,,,,,,,,,,,,,
34,ABBY,5,Cr,139.0,174.0,35.0,,,,,,,,,,,,,,,
924,BARR,1,Oe,0.0,34.0,34.0,,,,,,,,,,,,,,,
925,BARR,1,Oe/Oa,34.0,52.0,18.0,,,,,,,,,,,,,,,
926,BARR,1,Oea,52.0,63.0,11.0,,,,,,,,,,,,,,,
927,BARR,1,Oa,63.0,83.0,20.0,,,,,,,,,,,,,,,
928,BARR,1,Af,83.0,99.0,16.0,,,,,,,,,,,,,,,
929,BARR,2,Oea,0.0,23.0,23.0,,,,,,,,,,,,,,,
930,BARR,2,Oa,23.0,50.0,27.0,,,,,,,,,,,,,,,
931,BARR,2,Oae,50.0,70.0,20.0,,,,,,,,,,,,,,,
932,BARR,2,Cjj/Oa,70.0,94.0,24.0,,,,,,,,,,,,,,,
933,BARR,2,Oaejj,94.0,157.0,63.0,,,,,,,,,,,,,,,
934,BARR,3.1,Oe,0.0,20.0,20.0,,,,,,,,,,,,,,,
935,BARR,3.1,Oa,20.0,45.0,25.0,,,,,,,,,,,,,,,
936,BARR,3.1,O/W,45.0,60.0,15.0,,,,,,,,,,,,,,,
937,BARR,3.1,W1,60.0,130.0,70.0,,,,,,,,,,,,,,,
938,BARR,3.1,W/O,130.0,196.0,66.0,,,,,,,,,,,,,,,
939,BARR,3.1,W2,196.0,261.0,65.0,,,,,,,,,,,,,,,
940,BARR,3.2,Oea,0.0,27.0,27.0,,,,,,,,,,,,,,,
941,BARR,3.2,Oaef,27.0,53.0,26.0,,,,,,,,,,,,,,,
942,BARR,3.2,Oaf,53.0,94.0,41.0,,,,,,,,,,,,,,,
943,BARR,4,Oie,0.0,3.0,3.0,,,,,,,,,,,,,,,
944,BARR,4,Oa,3.0,11.0,8.0,,,,,,,,,,,,,,,
945,BARR,4,Af,11.0,25.0,14.0,,,,,,,,,,,,,,,
946,BARR,4,Af,25.0,41.0,16.0,,,,,,,,,,,,,,,
947,BARR,4,A',41.0,70.0,29.0,,,,,,,,,,,,,,,
948,BARR,4,Af',70.0,97.0,27.0,,,,,,,,,,,,,,,
949,BARR,5,Oie,0.0,5.0,5.0,,,,,,,,,,,,,,,
950,BARR,5,Oa,5.0,12.0,7.0,,,,,,,,,,,,,,,
951,BARR,5,Af,12.0,35.0,23.0,,,,,,,,,,,,,,,
952,BARR,5,O/Afjj,35.0,71.0,36.0,,,,,,,,,,,,,,,
953,BARR,5,W,71.0,97.0,26.0,,,,,,,,,,,,,,,
35,BART,1,OA,0.0,7.0,7.0,,,,,,,,,,,,,,,
36,BART,1,AE,7.0,12.5,5.5,,,,,,,,,,,,,,,
37,BART,1,E,12.5,18.0,5.5,,,,,,,,,,,,,,,
38,BART,1,Bsg,18.5,49.0,30.5,,,,,,,,,,,,,,,
39,BART,1,Bw,49.0,70.0,21.0,,,,,,,,,,,,,,,
40,BART,1,Bg,70.0,110.0,40.0,,,,,,,,,,,,,,,
41,BART,1,BC,110.0,154.0,44.0,,,,,,,,,,,,,,,
42,BART,2,OA,0.0,3.0,3.0,,,,,,,,,,,,,,,
43,BART,2,E,3.0,4.5,1.5,,,,,,,,,,,,,,,
44,BART,2,Bs,4.5,15.0,10.5,,,,,,,,,,,,,,,
45,BART,2,Bgs1,15.0,24.5,9.5,,,,,,,,,,,,,,,
46,BART,2,Bgs2,24.5,60.0,35.5,,,,,,,,,,,,,,,
47,BART,2,Bgs3,60.0,92.0,32.0,,,,,,,,,,,,,,,
48,BART,2,BC,92.0,130.0,38.0,,,,,,,,,,,,,,,
49,BART,3,OA,0.0,14.0,14.0,,,,,,,,,,,,,,,
50,BART,3,BE,14.0,26.0,12.0,,,,,,,,,,,,,,,
51,BART,3,Bgs,26.0,60.0,34.0,,,,,,,,,,,,,,,
52,BART,3,Bw,60.0,92.0,32.0,,,,,,,,,,,,,,,
53,BART,3,BC,92.0,140.0,48.0,,,,,,,,,,,,,,,
54,BART,4,E,0.0,1.0,1.0,,,,,,,,,,,,,,,
55,BART,4,Bhs,1.0,5.0,4.0,,,,,,,,,,,,,,,
56,BART,4,Bs,5.0,33.0,28.0,,,,,,,,,,,,,,,
57,BART,4,Bhs,33.0,63.0,30.0,,,,,,,,,,,,,,,
58,BART,4,BC,63.0,122.0,59.0,,,,,,,,,,,,,,,
59,BART,5,Oe,0.0,2.0,2.0,,,,,,,,,,,,,,,
60,BART,5,OA,2.0,10.0,8.0,,,,,,,,,,,,,,,
61,BART,5,EB,10.0,32.0,22.0,,,,,,,,,,,,,,,
62,BART,5,Bo,32.0,47.0,15.0,,,,,,,,,,,,,,,
63,BART,5,Bsg,47.0,94.0,47.0,,,,,,,,,,,,,,,
64,BART,5,BC,94.0,140.5,46.5,,,,,,,,,,,,,,,
65,BLAN,1,Oi,2.0,0.0,-2.0,,,,,,,,,,,,,,,
66,BLAN,1,Ap1,0.0,13.0,13.0,,,,,,,,,,,,,,,
67,BLAN,1,Ap2,13.0,23.0,10.0,,,,,,,,,,,,,,,
68,BLAN,1,Bt1,23.0,43.0,20.0,,,,,,,,,,,,,,,
69,BLAN,1,Bt2,43.0,89.0,46.0,,,,,,,,,,,,,,,
70,BLAN,1,C1,89.0,121.0,32.0,,,,,,,,,,,,,,,
71,BLAN,1,C2,121.0,182.0,61.0,,,,,,,,,,,,,,,
72,BLAN,2,Ap1,0.0,21.0,21.0,,,,,,,,,,,,,,,
73,BLAN,2,Ap2,21.0,43.0,22.0,,,,,,,,,,,,,,,
74,BLAN,2,Bt1,43.0,81.0,38.0,,,,,,,,,,,,,,,
75,BLAN,2,Bt2,81.0,146.0,65.0,,,,,,,,,,,,,,,
76,BLAN,2,Bt3,146.0,164.0,18.0,,,,,,,,,,,,,,,
77,BLAN,3,Ap1,0.0,16.0,16.0,,,,,,,,,,,,,,,
78,BLAN,3,Ap2,16.0,37.0,21.0,,,,,,,,,,,,,,,
79,BLAN,3,Bt1,37.0,90.0,53.0,,,,,,,,,,,,,,,
80,BLAN,3,Bt2,90.0,143.0,53.0,,,,,,,,,,,,,,,
81,BLAN,3,Bt3,143.0,174.5,31.5,,,,,,,,,,,,,,,
82,BLAN,4,Ap1,0.0,21.0,21.0,,,,,,,,,,,,,,,
83,BLAN,4,AB,21.0,45.0,24.0,,,,,,,,,,,,,,,
84,BLAN,4,Bt1,45.0,100.0,55.0,,,,,,,,,,,,,,,
85,BLAN,4,Bt2,100.0,130.0,30.0,,,,,,,,,,,,,,,
86,BLAN,4,Bt3,130.0,185.5,55.5,,,,,,,,,,,,,,,
87,BLAN,5,Ap1,0.0,10.5,10.5,,,,,,,,,,,,,,,
88,BLAN,5,Ap2,10.5,28.0,17.5,,,,,,,,,,,,,,,
89,BLAN,5,Bt1,28.0,45.0,17.0,,,,,,,,,,,,,,,
90,BLAN,5,Bt2,45.0,81.5,36.5,,,,,,,,,,,,,,,
91,BLAN,5,Bt3,81.5,109.5,28.0,,,,,,,,,,,,,,,
92,BLAN,5,Bt4,109.5,171.5,62.0,,,,,,,,,,,,,,,
954,BONA,1,Oe,0.0,5.0,5.0,,,,,,,,,,,,,,,
955,BONA,1,Oa,5.0,15.0,10.0,,,,,,,,,,,,,,,
956,BONA,1,Oa/Bjj,15.0,20.0,5.0,,,,,,,,,,,,,,,
957,BONA,1,Oa/Bgjj1,20.0,43.0,23.0,,,,,,,,,,,,,,,
958,BONA,1,Oa/Bgjj2,43.0,55.0,12.0,,,,,,,,,,,,,,,
959,BONA,1,Cfg1,55.0,105.0,50.0,,,,,,,,,,,,,,,
960,BONA,1,Cfg2,105.0,145.0,40.0,,,,,,,,,,,,,,,
961,BONA,1,Cfgjj,145.0,178.0,33.0,,,,,,,,,,,,,,,
962,BONA,2,Oe,0.0,17.0,17.0,,,,,,,,,,,,,,,
963,BONA,2,Oa,17.0,25.0,8.0,,,,,,,,,,,,,,,
964,BONA,2,Oa/Cg,25.0,27.0,2.0,,,,,,,,,,,,,,,
965,BONA,2,Cg,27.0,49.0,22.0,,,,,,,,,,,,,,,
966,BONA,2,Cgf1,49.0,70.0,21.0,,,,,,,,,,,,,,,
967,BONA,2,Cf1,70.0,90.0,20.0,,,,,,,,,,,,,,,
968,BONA,2,Cgf2,90.0,115.0,25.0,,,,,,,,,,,,,,,
969,BONA,2,Cgf3,115.0,144.0,29.0,,,,,,,,,,,,,,,
970,BONA,2,Cf2,144.0,180.0,36.0,,,,,,,,,,,,,,,
971,BONA,3,Oe,0.0,9.0,9.0,,,,,,,,,,,,,,,
972,BONA,3,Bjj/Oa,9.0,29.0,20.0,,,,,,,,,,,,,,,
973,BONA,3,Bfgjj,29.0,50.0,21.0,,,,,,,,,,,,,,,
974,BONA,3,Cg1,50.0,100.0,50.0,,,,,,,,,,,,,,,
975,BONA,3,Cg2,100.0,178.0,78.0,,,,,,,,,,,,,,,
976,BONA,4,Oe,0.0,3.0,3.0,,,,,,,,,,,,,,,
977,BONA,4,Oa,3.0,11.0,8.0,,,,,,,,,,,,,,,
978,BONA,4,Bjj/Oa,11.0,41.0,30.0,,,,,,,,,,,,,,,
979,BONA,4,Bfgjj,41.0,54.0,13.0,,,,,,,,,,,,,,,
980,BONA,4,Bfg1,54.0,70.0,16.0,,,,,,,,,,,,,,,
981,BONA,4,Bfg2,70.0,82.0,12.0,,,,,,,,,,,,,,,
982,BONA,4,BfgXYZ,82.0,93.0,11.0,,,,,,,,,,,,,,,
983,BONA,4,Bfg3,93.0,129.0,36.0,,,,,,,,,,,,,,,
984,BONA,4,Cg,129.0,173.0,44.0,,,,,,,,,,,,,,,
985,BONA,5,Oa,0.0,10.0,10.0,,,,,,,,,,,,,,,
986,BONA,5,Bg,10.0,25.0,15.0,,,,,,,,,,,,,,,
987,BONA,5,Bgjj,25.0,51.0,26.0,,,,,,,,,,,,,,,
988,BONA,5,Cfg,51.0,78.0,27.0,,,,,,,,,,,,,,,
989,BONA,5,Cfjj,78.0,108.0,30.0,,,,,,,,,,,,,,,
990,BONA,5,Cfg'1,108.0,145.0,37.0,,,,,,,,,,,,,,,
991,BONA,5,Cfg'2,145.0,182.0,37.0,,,,,,,,,,,,,,,
93,CLBJ,1,A1,0.0,14.0,14.0,,,,,,,,,,,,,,,
94,CLBJ,1,A2,14.0,31.0,17.0,,,,,,,,,,,,,,,
95,CLBJ,1,E,31.0,40.0,9.0,,,,,,,,,,,,,,,
96,CLBJ,1,EB,40.0,45.0,5.0,,,,,,,,,,,,,,,
97,CLBJ,1,Bt,45.0,66.0,21.0,,,,,,,,,,,,,,,
98,CLBJ,2,A,0.0,13.0,13.0,,,,,,,,,,,,,,,
99,CLBJ,2,EB,13.0,20.0,7.0,,,,,,,,,,,,,,,
100,CLBJ,2,Bt1,20.0,39.0,19.0,,,,,,,,,,,,,,,
101,CLBJ,2,Bt2,39.0,72.0,33.0,,,,,,,,,,,,,,,
102,CLBJ,2,Bt3,72.0,82.0,10.0,,,,,,,,,,,,,,,
103,CLBJ,2,Bt4,82.0,86.0,4.0,,,,,,,,,,,,,,,
104,CLBJ,3,A,0.0,9.0,9.0,,,,,,,,,,,,,,,
105,CLBJ,3,E,9.0,14.5,5.5,,,,,,,,,,,,,,,
106,CLBJ,3,A',14.5,32.0,17.5,,,,,,,,,,,,,,,
107,CLBJ,3,E',32.0,42.0,10.0,,,,,,,,,,,,,,,
108,CLBJ,3,Bt1,42.0,64.0,22.0,,,,,,,,,,,,,,,
109,CLBJ,3,Bt2,64.0,85.0,21.0,,,,,,,,,,,,,,,
110,CLBJ,3,Bt3,85.0,93.0,8.0,,,,,,,,,,,,,,,
111,CLBJ,4,A,0.0,11.0,11.0,,,,,,,,,,,,,,,
112,CLBJ,4,EA,11.0,26.0,15.0,,,,,,,,,,,,,,,
113,CLBJ,4,EB,26.0,36.0,10.0,,,,,,,,,,,,,,,
114,CLBJ,4,Bt1,36.0,71.0,35.0,,,,,,,,,,,,,,,
115,CLBJ,4,Bt2,71.0,98.0,27.0,,,,,,,,,,,,,,,
116,CLBJ,5,A,0.0,5.5,5.5,,,,,,,,,,,,,,,
117,CLBJ,5,E1,5.5,18.0,12.5,,,,,,,,,,,,,,,
118,CLBJ,5,E2,18.0,36.0,18.0,,,,,,,,,,,,,,,
119,CLBJ,5,E3,36.0,53.0,17.0,,,,,,,,,,,,,,,
120,CPER,1,A,0.0,12.0,12.0,,,,,,,,,,,,,,,
121,CPER,1,AB,12.0,25.5,13.5,,,,,,,,,,,,,,,
122,CPER,1,Bw1,25.5,52.5,27.0,,,,,,,,,,,,,,,
123,CPER,1,Bw2,52.5,96.5,44.0,,,,,,,,,,,,,,,
124,CPER,1,Bg1,96.5,126.0,29.5,,,,,,,,,,,,,,,
125,CPER,1,Bg2,126.0,148.0,22.0,,,,,,,,,,,,,,,
126,CPER,1,Bg3,148.0,171.5,23.5,,,,,,,,,,,,,,,
127,CPER,2,A,0.0,13.0,13.0,,,,,,,,,,,,,,,
128,CPER,2,BA,13.0,36.5,23.5,,,,,,,,,,,,,,,
129,CPER,2,Bkt1,36.5,60.0,23.5,,,,,,,,,,,,,,,
130,CPER,2,Bkt2,60.0,88.0,28.0,,,,,,,,,,,,,,,
131,CPER,2,Bkt3,88.0,144.5,56.5,,,,,,,,,,,,,,,
132,CPER,3,A,0.0,12.5,12.5,,,,,,,,,,,,,,,
133,CPER,3,AB,12.5,35.0,22.5,,,,,,,,,,,,,,,
134,CPER,3,Bw,35.0,59.0,24.0,,,,,,,,,,,,,,,
135,CPER,3,Bk,59.0,125.0,66.0,,,,,,,,,,,,,,,
136,CPER,3,Bkt,125.0,168.0,43.0,,,,,,,,,,,,,,,
137,CPER,4,A,0.0,14.0,14.0,,,,,,,,,,,,,,,
138,CPER,4,AB,14.0,50.0,36.0,,,,,,,,,,,,,,,
139,CPER,4,Bw,50.0,122.0,72.0,,,,,,,,,,,,,,,
140,CPER,4,Bk,122.0,172.0,50.0,,,,,,,,,,,,,,,
141,CPER,5,A1,0.0,8.5,8.5,,,,,,,,,,,,,,,
142,CPER,5,A2,8.5,29.0,20.5,,,,,,,,,,,,,,,
143,CPER,5,Bw1,29.0,43.5,14.5,,,,,,,,,,,,,,,
144,CPER,5,Bw2,43.5,82.0,38.5,,,,,,,,,,,,,,,
145,CPER,5,Bk1,82.0,120.0,38.0,,,,,,,,,,,,,,,
146,CPER,5,Bk2,120.0,138.5,18.5,,,,,,,,,,,,,,,
147,DCFS,1,Oi,4.5,0.0,-4.5,,,,,,,,,,,,,,,
148,DCFS,1,A1,0.0,9.0,9.0,,,,,,,,,,,,,,,
149,DCFS,1,A2,9.0,26.0,17.0,,,,,,,,,,,,,,,
150,DCFS,1,Bw,26.0,59.0,33.0,,,,,,,,,,,,,,,
151,DCFS,1,Bk1,59.0,83.0,24.0,,,,,,,,,,,,,,,
152,DCFS,1,Bk2,83.0,104.5,21.5,,,,,,,,,,,,,,,
153,DCFS,2,A1,0.0,12.0,12.0,,,,,,,,,,,,,,,
154,DCFS,2,A2,12.0,25.0,13.0,,,,,,,,,,,,,,,
155,DCFS,2,Bw,25.0,43.0,18.0,,,,,,,,,,,,,,,
156,DCFS,2,Bk1,43.0,66.0,23.0,,,,,,,,,,,,,,,
157,DCFS,2,Bk2,66.0,99.0,33.0,,,,,,,,,,,,,,,
158,DCFS,3,Oi,2.5,0.0,-2.5,,,,,,,,,,,,,,,
159,DCFS,3,A1,0.0,12.5,12.5,,,,,,,,,,,,,,,
160,DCFS,3,A2,12.5,25.0,12.5,,,,,,,,,,,,,,,
161,DCFS,3,Bw1,25.0,51.0,26.0,,,,,,,,,,,,,,,
162,DCFS,3,Bw2,51.0,65.0,14.0,,,,,,,,,,,,,,,
163,DCFS,4,A1,0.0,19.0,19.0,,,,,,,,,,,,,,,
164,DCFS,4,BA,19.0,49.0,30.0,,,,,,,,,,,,,,,
165,DCFS,4,Bk1,49.0,89.0,40.0,,,,,,,,,,,,,,,
166,DCFS,4,Bk2,89.0,117.5,28.5,,,,,,,,,,,,,,,
167,DCFS,5,A,0.0,30.0,30.0,,,,,,,,,,,,,,,
168,DCFS,5,BA,30.0,40.0,10.0,,,,,,,,,,,,,,,
169,DCFS,5,Bk1,40.0,60.0,20.0,,,,,,,,,,,,,,,
170,DCFS,5,Bk2,60.0,112.0,52.0,,,,,,,,,,,,,,,
171,DEJU,1,Oi,0.0,1.5,1.5,,,,,,,,,,,,,,,
172,DEJU,1,O/A,1.5,5.5,4.0,,,,,,,,,,,,,,,
173,DEJU,1,Bw1,5.5,30.5,25.0,,,,,,,,,,,,,,,
174,DEJU,1,Bw2,30.5,78.5,48.0,,,,,,,,,,,,,,,
175,DEJU,2,Oi,0.0,5.0,5.0,,,,,,,,,,,,,,,
176,DEJU,2,A,5.0,9.5,4.5,,,,,,,,,,,,,,,
177,DEJU,2,Bw1,9.5,19.0,9.5,,,,,,,,,,,,,,,
178,DEJU,2,Bw2,19.0,46.0,27.0,,,,,,,,,,,,,,,
179,DEJU,2,Bw3,46.0,60.0,14.0,,,,,,,,,,,,,,,
180,DEJU,2,Bw4,60.0,81.0,21.0,,,,,,,,,,,,,,,
181,DEJU,3,Oe,0.0,4.5,4.5,,,,,,,,,,,,,,,
182,DEJU,3,A,4.5,8.5,4.0,,,,,,,,,,,,,,,
183,DEJU,3,Bw1,8.5,26.0,17.5,,,,,,,,,,,,,,,
184,DEJU,3,Bw2,26.0,61.5,35.5,,,,,,,,,,,,,,,
185,DEJU,4,Oe,0.0,3.0,3.0,,,,,,,,,,,,,,,
186,DEJU,4,Bw1,3.0,20.0,17.0,,,,,,,,,,,,,,,
187,DEJU,4,2B,20.0,31.0,11.0,,,,,,,,,,,,,,,
188,DEJU,4,2BC1,31.0,49.0,18.0,,,,,,,,,,,,,,,
189,DEJU,4,2BC2,49.0,64.5,15.5,,,,,,,,,,,,,,,
190,DEJU,5,Oe,0.0,6.5,6.5,,,,,,,,,,,,,,,
191,DEJU,5,Bw1,6.5,17.0,10.5,,,,,,,,,,,,,,,
192,DEJU,5,Bw2,17.0,37.0,20.0,,,,,,,,,,,,,,,
193,DEJU,5,2BC,37.0,53.0,16.0,,,,,,,,,,,,,,,
194,DELA,1,A,0.0,18.0,18.0,,,,,,,,,,,,,,,
195,DELA,1,A/B,18.0,40.0,22.0,,,,,,,,,,,,,,,
196,DELA,1,Btg1,40.0,72.0,32.0,,,,,,,,,,,,,,,
197,DELA,1,Btg2,72.0,96.0,24.0,,,,,,,,,,,,,,,
198,DELA,1,Btg3,96.0,195.0,99.0,,,,,,,,,,,,,,,
199,DELA,2,A,0.0,18.0,18.0,,,,,,,,,,,,,,,
200,DELA,2,A/B,18.0,38.0,20.0,,,,,,,,,,,,,,,
201,DELA,2,Btg1,38.0,75.0,37.0,,,,,,,,,,,,,,,
202,DELA,2,Btg2,75.0,124.0,49.0,,,,,,,,,,,,,,,
203,DELA,2,Btg3,124.0,210.0,86.0,,,,,,,,,,,,,,,
204,DELA,3,A,0.0,20.0,20.0,,,,,,,,,,,,,,,
205,DELA,3,AB,20.0,48.0,28.0,,,,,,,,,,,,,,,
206,DELA,3,Btg1,48.0,84.0,36.0,,,,,,,,,,,,,,,
207,DELA,3,Btg2,84.0,104.0,20.0,,,,,,,,,,,,,,,
208,DELA,3,Btg3,104.0,195.0,91.0,,,,,,,,,,,,,,,
209,DELA,4,A,0.0,19.0,19.0,,,,,,,,,,,,,,,
210,DELA,4,A/B,19.0,35.0,16.0,,,,,,,,,,,,,,,
211,DELA,4,Btg1,35.0,76.0,41.0,,,,,,,,,,,,,,,
212,DELA,4,Btg2,76.0,101.0,25.0,,,,,,,,,,,,,,,
213,DELA,4,Btg3,101.0,146.0,45.0,,,,,,,,,,,,,,,
214,DELA,4,Btg4,146.0,192.0,46.0,,,,,,,,,,,,,,,
215,DELA,4,Btg5,192.0,214.0,22.0,,,,,,,,,,,,,,,
216,DELA,5,A,0.0,16.0,16.0,,,,,,,,,,,,,,,
217,DELA,5,A/B,16.0,64.0,48.0,,,,,,,,,,,,,,,
218,DELA,5,Btg1,64.0,103.0,39.0,,,,,,,,,,,,,,,
219,DELA,5,Btg2,103.0,175.0,72.0,,,,,,,,,,,,,,,
220,DSNY,1,A,0.0,16.5,16.5,,,,,,,,,,,,,,,
221,DSNY,1,E,16.5,26.0,9.5,,,,,,,,,,,,,,,
222,DSNY,1,EB,26.0,37.0,11.0,,,,,,,,,,,,,,,
223,DSNY,1,Bh,37.0,48.0,11.0,,,,,,,,,,,,,,,
224,DSNY,1,E',48.0,118.5,70.5,,,,,,,,,,,,,,,
225,DSNY,2,A,0.0,11.5,11.5,,,,,,,,,,,,,,,
226,DSNY,2,EA,11.5,24.0,12.5,,,,,,,,,,,,,,,
227,DSNY,2,E,24.0,38.0,14.0,,,,,,,,,,,,,,,
228,DSNY,2,Bh1,38.0,49.0,11.0,,,,,,,,,,,,,,,
229,DSNY,2,Bh2,49.0,70.5,21.5,,,,,,,,,,,,,,,
230,DSNY,2,E',70.5,134.0,63.5,,,,,,,,,,,,,,,
231,DSNY,2,Bh',134.0,161.0,27.0,,,,,,,,,,,,,,,
232,DSNY,3,A,0.0,10.5,10.5,,,,,,,,,,,,,,,
233,DSNY,3,E,10.5,29.0,18.5,,,,,,,,,,,,,,,
234,DSNY,3,Bh1,29.0,34.0,5.0,,,,,,,,,,,,,,,
235,DSNY,3,Bh2,37.0,48.0,11.0,,,,,,,,,,,,,,,
236,DSNY,3,E'1,48.0,110.0,62.0,,,,,,,,,,,,,,,
237,DSNY,3,E'2,110.0,152.5,42.5,,,,,,,,,,,,,,,
238,DSNY,3,B'h,152.5,158.5,6.0,,,,,,,,,,,,,,,
239,DSNY,4,A,0.0,13.0,13.0,,,,,,,,,,,,,,,
240,DSNY,4,E,13.0,36.5,23.5,,,,,,,,,,,,,,,
241,DSNY,4,Bh1,36.5,43.5,7.0,,,,,,,,,,,,,,,
242,DSNY,4,Bh2,43.5,67.5,24.0,,,,,,,,,,,,,,,
243,DSNY,4,E'1,67.5,129.5,62.0,,,,,,,,,,,,,,,
244,DSNY,4,B'h,129.5,163.0,33.5,,,,,,,,,,,,,,,
245,DSNY,5,A,0.0,8.0,8.0,,,,,,,,,,,,,,,
246,DSNY,5,E,8.0,30.0,22.0,,,,,,,,,,,,,,,
247,DSNY,5,Bh1,30.0,35.0,5.0,,,,,,,,,,,,,,,
248,DSNY,5,Bh2,35.0,53.0,18.0,,,,,,,,,,,,,,,
249,DSNY,5,E',53.0,141.0,88.0,,,,,,,,,,,,,,,
250,DSNY,5,B'h,141.0,152.0,11.0,,,,,,,,,,,,,,,
251,GRSM,1,A,0.0,14.0,14.0,,,,,,,,,,,,,,,
252,GRSM,1,AB,14.0,22.0,8.0,,,,,,,,,,,,,,,
253,GRSM,1,Bw1,22.0,35.0,13.0,,,,,,,,,,,,,,,
254,GRSM,1,Bw2,35.0,64.0,29.0,,,,,,,,,,,,,,,
255,GRSM,1,Bt,64.0,103.0,39.0,,,,,,,,,,,,,,,
256,GRSM,2,A,0.0,25.0,25.0,,,,,,,,,,,,,,,
257,GRSM,2,Bt,25.0,42.0,17.0,,,,,,,,,,,,,,,
258,GRSM,3,A,0.0,18.5,18.5,,,,,,,,,,,,,,,
259,GRSM,3,AB,18.5,31.0,12.5,,,,,,,,,,,,,,,
260,GRSM,3,Bt1,31.0,56.0,25.0,,,,,,,,,,,,,,,
261,GRSM,3,Bt2,56.0,89.0,33.0,,,,,,,,,,,,,,,
262,GRSM,4,A,0.0,25.0,25.0,,,,,,,,,,,,,,,
263,GRSM,4,Bt,25.0,70.0,45.0,,,,,,,,,,,,,,,
264,GRSM,4,C,70.0,112.0,42.0,,,,,,,,,,,,,,,
265,HARV,1,OA,0.0,6.0,6.0,,,,,,,,,,,,,,,
266,HARV,1,AB,6.0,16.0,10.0,,,,,,,,,,,,,,,
267,HARV,1,Bw1,16.0,50.0,34.0,,,,,,,,,,,,,,,
268,HARV,1,Bw2,50.0,56.0,6.0,,,,,,,,,,,,,,,
269,HARV,2,OA,0.0,6.0,6.0,,,,,,,,,,,,,,,
270,HARV,2,Bw1,6.0,22.5,16.5,,,,,,,,,,,,,,,
271,HARV,2,Bw2,22.5,34.0,11.5,,,,,,,,,,,,,,,
272,HARV,2,2BC,34.0,75.0,41.0,,,,,,,,,,,,,,,
273,HARV,3,OA,0.0,8.0,8.0,,,,,,,,,,,,,,,
274,HARV,3,Bw1,8.0,27.0,19.0,,,,,,,,,,,,,,,
275,HARV,3,Bw2,27.0,34.0,7.0,,,,,,,,,,,,,,,
276,HARV,3,Bw3,34.0,62.0,28.0,,,,,,,,,,,,,,,
277,HARV,4,OA,0.0,5.0,5.0,,,,,,,,,,,,,,,
278,HARV,4,Bw1,5.0,18.0,13.0,,,,,,,,,,,,,,,
279,HARV,4,Bw2,18.0,48.0,30.0,,,,,,,,,,,,,,,
280,HARV,4,2CB,48.0,72.5,24.5,,,,,,,,,,,,,,,
281,HARV,5,OA,0.0,10.0,10.0,,,,,,,,,,,,,,,
282,HARV,5,Bw1,10.0,23.0,13.0,,,,,,,,,,,,,,,
283,HARV,5,Bw2,23.0,41.0,18.0,,,,,,,,,,,,,,,
284,HARV,5,Bw3,41.0,48.0,7.0,,,,,,,,,,,,,,,
992,HEAL,1,Oi/Oe,0.0,19.0,19.0,,,,,,,,,,,,,,,
993,HEAL,1,Oa,19.0,34.0,15.0,,,,,,,,,,,,,,,
994,HEAL,1,Af,34.0,54.0,20.0,,,,,,,,,,,,,,,
995,HEAL,1,Bfgjj,54.0,84.0,30.0,,,,,,,,,,,,,,,
996,HEAL,2,Oi/Oe,0.0,15.0,15.0,,,,,,,,,,,,,,,
997,HEAL,2,Oa,15.0,30.0,15.0,,,,,,,,,,,,,,,
998,HEAL,2,Bjj,30.0,34.0,4.0,,,,,,,,,,,,,,,
999,HEAL,2,Bf,34.0,47.0,13.0,,,,,,,,,,,,,,,
1000,HEAL,2,Afjj/Oa,47.0,74.0,27.0,,,,,,,,,,,,,,,
1001,HEAL,2,Bfg,74.0,81.0,7.0,,,,,,,,,,,,,,,
1002,HEAL,3,Oi,0.0,20.0,20.0,,,,,,,,,,,,,,,
1003,HEAL,3,Oe,20.0,35.0,15.0,,,,,,,,,,,,,,,
1004,HEAL,3,Oa/Oe,35.0,35.0,0.0,,,,,,,,,,,,,,,
1005,HEAL,3,Ajj,35.0,49.0,14.0,,,,,,,,,,,,,,,
1006,HEAL,3,Afjj1,49.0,59.0,10.0,,,,,,,,,,,,,,,
1007,HEAL,3,Afjj2,59.0,70.0,11.0,,,,,,,,,,,,,,,
1008,HEAL,3,Afjj/Bg,70.0,83.0,13.0,,,,,,,,,,,,,,,
1009,HEAL,3,Cfjj,83.0,91.0,8.0,,,,,,,,,,,,,,,
1010,HEAL,4,Oi,0.0,3.0,3.0,,,,,,,,,,,,,,,
1011,HEAL,4,Oe,3.0,15.0,12.0,,,,,,,,,,,,,,,
1012,HEAL,4,Oa,15.0,27.0,12.0,,,,,,,,,,,,,,,
1013,HEAL,4,Afjj1,27.0,53.0,26.0,,,,,,,,,,,,,,,
1014,HEAL,4,Afjj2,53.0,70.0,17.0,,,,,,,,,,,,,,,
1015,HEAL,4,Cfjj,70.0,75.0,5.0,,,,,,,,,,,,,,,
1016,HEAL,5,Oi,0.0,4.5,4.5,,,,,,,,,,,,,,,
1017,HEAL,5,Oe,4.5,5.0,0.5,,,,,,,,,,,,,,,
1018,HEAL,5,Oe/Oa,5.0,30.0,25.0,,,,,,,,,,,,,,,
1019,HEAL,5,Oa/Cfjj,30.0,72.0,42.0,,,,,,,,,,,,,,,
1020,HEAL,5,Cfjj,72.0,89.0,17.0,,,,,,,,,,,,,,,
285,JORN,1,Ak,0.0,29.0,29.0,,,,,,,,,,,,,,,
286,JORN,1,2Bk1,29.0,57.0,28.0,,,,,,,,,,,,,,,
287,JORN,1,2Bk2,57.0,191.0,134.0,,,,,,,,,,,,,,,
288,JORN,1,2Bkm,191.0,194.0,3.0,,,,,,,,,,,,,,,
289,JORN,2,Ak,0.0,30.0,30.0,,,,,,,,,,,,,,,
290,JORN,2,B/A,30.0,66.0,36.0,,,,,,,,,,,,,,,
291,JORN,2,Bk,66.0,93.0,27.0,,,,,,,,,,,,,,,
292,JORN,2,Ck1,93.0,162.0,69.0,,,,,,,,,,,,,,,
293,JORN,2,Ck2,162.0,186.0,24.0,,,,,,,,,,,,,,,
294,JORN,3,A,0.0,32.0,32.0,,,,,,,,,,,,,,,
295,JORN,3,Bk,32.0,88.0,56.0,,,,,,,,,,,,,,,
296,JORN,3,2Bk1,88.0,136.0,48.0,,,,,,,,,,,,,,,
297,JORN,3,2Bk2,136.0,184.0,48.0,,,,,,,,,,,,,,,
298,JORN,4,A,0.0,14.0,14.0,,,,,,,,,,,,,,,
299,JORN,4,Bk1,14.0,42.0,28.0,,,,,,,,,,,,,,,
300,JORN,4,Bk2,42.0,74.5,32.5,,,,,,,,,,,,,,,
301,JORN,4,2Bk1,74.5,140.0,65.5,,,,,,,,,,,,,,,
302,JORN,4,2Bk2,140.0,169.0,29.0,,,,,,,,,,,,,,,
303,JORN,4,2Bk3,169.0,186.0,17.0,,,,,,,,,,,,,,,
304,JORN,5,A,0.0,16.0,16.0,,,,,,,,,,,,,,,
305,JORN,5,Ak,16.0,26.5,10.5,,,,,,,,,,,,,,,
306,JORN,5,2Bk1,26.5,93.0,66.5,,,,,,,,,,,,,,,
307,JORN,5,2Bk2,93.0,196.0,103.0,,,,,,,,,,,,,,,
308,KONA,1,Ap,0.0,18.0,18.0,,,,,,,,,,,,,,,
309,KONA,1,Bt1,18.0,45.0,27.0,,,,,,,,,,,,,,,
310,KONA,1,Bt2,45.0,95.0,50.0,,,,,,,,,,,,,,,
311,KONA,1,Btk,95.0,150.0,55.0,,,,,,,,,,,,,,,
312,KONA,1,2Bt,150.0,174.0,24.0,,,,,,,,,,,,,,,
313,KONA,2,Ap1,0.0,9.0,9.0,,,,,,,,,,,,,,,
314,KONA,2,Ap2,9.0,25.0,16.0,,,,,,,,,,,,,,,
315,KONA,2,Bt1,25.0,76.0,51.0,,,,,,,,,,,,,,,
316,KONA,2,Bt2,76.0,93.0,17.0,,,,,,,,,,,,,,,
317,KONA,2,Bkt,93.0,132.0,39.0,,,,,,,,,,,,,,,
318,KONA,2,2Bt,132.0,174.0,42.0,,,,,,,,,,,,,,,
319,KONA,3,Ap1,0.0,8.0,8.0,,,,,,,,,,,,,,,
320,KONA,3,Ap2,8.0,16.0,8.0,,,,,,,,,,,,,,,
321,KONA,3,Bt1,16.0,39.0,23.0,,,,,,,,,,,,,,,
322,KONA,3,Bt2,39.0,77.0,38.0,,,,,,,,,,,,,,,
323,KONA,3,Bt3,77.0,130.0,53.0,,,,,,,,,,,,,,,
324,KONA,3,2Btk,130.0,166.0,36.0,,,,,,,,,,,,,,,
325,KONA,3,2Bt,166.0,181.0,15.0,,,,,,,,,,,,,,,
326,KONA,4,Ap1,0.0,5.0,5.0,,,,,,,,,,,,,,,
327,KONA,4,Ap2,5.0,31.0,26.0,,,,,,,,,,,,,,,
328,KONA,4,Bt1,31.0,52.0,21.0,,,,,,,,,,,,,,,
329,KONA,4,Bt2,52.0,94.0,42.0,,,,,,,,,,,,,,,
330,KONA,4,Bt3,94.0,116.0,22.0,,,,,,,,,,,,,,,
331,KONA,4,Btk,116.0,174.0,58.0,,,,,,,,,,,,,,,
332,KONA,5,A,0.0,25.0,25.0,,,,,,,,,,,,,,,
333,KONA,5,Bt1,25.0,46.0,21.0,,,,,,,,,,,,,,,
334,KONA,5,Bt2,46.0,97.0,51.0,,,,,,,,,,,,,,,
335,KONA,5,Bt3,97.0,144.0,47.0,,,,,,,,,,,,,,,
336,KONA,5,Btk,144.0,157.0,13.0,,,,,,,,,,,,,,,
337,KONZ,1,A1,0.0,6.0,6.0,,,,,,,,,,,,,,,
338,KONZ,1,A2,6.0,34.0,28.0,,,,,,,,,,,,,,,
339,KONZ,1,Bt1,34.0,71.0,37.0,,,,,,,,,,,,,,,
340,KONZ,1,Bt2,71.0,92.0,21.0,,,,,,,,,,,,,,,
341,KONZ,2,A1,0.0,9.0,9.0,,,,,,,,,,,,,,,
342,KONZ,2,A2,9.0,45.0,36.0,,,,,,,,,,,,,,,
343,KONZ,2,Bt1,45.0,82.5,37.5,,,,,,,,,,,,,,,
344,KONZ,3,A1,0.0,13.0,13.0,,,,,,,,,,,,,,,
345,KONZ,3,A2,13.0,44.0,31.0,,,,,,,,,,,,,,,
346,KONZ,3,Bt1,44.0,66.0,22.0,,,,,,,,,,,,,,,
347,KONZ,3,Bt2,66.0,82.0,16.0,,,,,,,,,,,,,,,
348,KONZ,4,A1,0.0,4.0,4.0,,,,,,,,,,,,,,,
349,KONZ,4,A2,4.0,24.0,20.0,,,,,,,,,,,,,,,
350,KONZ,4,Bt1,24.0,54.0,30.0,,,,,,,,,,,,,,,
351,KONZ,4,Bt2,54.0,66.0,12.0,,,,,,,,,,,,,,,
352,KONZ,5,A1,0.0,7.0,7.0,,,,,,,,,,,,,,,
353,KONZ,5,A2,7.0,23.0,16.0,,,,,,,,,,,,,,,
354,KONZ,5,Bt1,23.0,37.0,14.0,,,,,,,,,,,,,,,
355,KONZ,5,Bt2,37.0,52.0,15.0,,,,,,,,,,,,,,,
356,KONZ,5,Bt3,52.0,68.0,16.0,,,,,,,,,,,,,,,
357,LENO,1,A1,0.0,5.0,5.0,,,,,,,,,,,,,,,
358,LENO,1,A2,5.0,20.0,15.0,,,,,,,,,,,,,,,
359,LENO,1,Btg1,20.0,50.0,30.0,,,,,,,,,,,,,,,
360,LENO,1,Btg2,50.0,77.0,27.0,,,,,,,,,,,,,,,
361,LENO,1,Btg3,77.0,107.5,30.5,,,,,,,,,,,,,,,
362,LENO,2,A1,0.0,4.0,4.0,,,,,,,,,,,,,,,
363,LENO,2,A2,4.0,13.0,9.0,,,,,,,,,,,,,,,
364,LENO,2,Bg1,13.0,32.0,19.0,,,,,,,,,,,,,,,
365,LENO,2,Btg1,32.0,74.0,42.0,,,,,,,,,,,,,,,
366,LENO,2,Btg2,74.0,158.0,84.0,,,,,,,,,,,,,,,
367,LENO,3,A1,0.0,4.0,4.0,,,,,,,,,,,,,,,
368,LENO,3,A2,4.0,14.0,10.0,,,,,,,,,,,,,,,
369,LENO,3,Bg ,14.0,33.0,19.0,,,,,,,,,,,,,,,
370,LENO,3,Btg1,33.0,66.0,33.0,,,,,,,,,,,,,,,
371,LENO,3,Btg2,66.0,127.0,61.0,,,,,,,,,,,,,,,
372,LENO,3,Btg3,127.0,151.5,24.5,,,,,,,,,,,,,,,
373,LENO,4,A1,0.0,6.0,6.0,,,,,,,,,,,,,,,
374,LENO,4,A2,6.0,12.0,6.0,,,,,,,,,,,,,,,
375,LENO,4,Bg1,12.0,38.0,26.0,,,,,,,,,,,,,,,
376,LENO,4,Btg1,38.0,88.0,50.0,,,,,,,,,,,,,,,
377,LENO,4,Btg2,88.0,127.0,39.0,,,,,,,,,,,,,,,
378,LENO,4,Btg3,127.0,157.0,30.0,,,,,,,,,,,,,,,
379,LENO,5,A1,0.0,4.0,4.0,,,,,,,,,,,,,,,
380,LENO,5,A2,4.0,10.0,6.0,,,,,,,,,,,,,,,
381,LENO,5,Bg,10.0,37.0,27.0,,,,,,,,,,,,,,,
382,LENO,5,Btg1,37.0,95.0,58.0,,,,,,,,,,,,,,,
383,LENO,5,Btg2,95.0,161.5,66.5,,,,,,,,,,,,,,,
384,MLBS,1,Oe,0.0,3.0,3.0,,,,,,,,,,,,,,,
385,MLBS,1,A,3.0,12.0,9.0,,,,,,,,,,,,,,,
386,MLBS,1,Bw,12.0,33.0,21.0,,,,,,,,,,,,,,,
387,MLBS,1,Bg,33.0,59.0,26.0,,,,,,,,,,,,,,,
388,MLBS,1,2Cg1,59.0,81.0,22.0,,,,,,,,,,,,,,,
389,MLBS,1,2Cg2,81.0,105.5,24.5,,,,,,,,,,,,,,,
390,MLBS,2,Oe,0.0,1.5,1.5,,,,,,,,,,,,,,,
391,MLBS,2,A,1.5,10.5,9.0,,,,,,,,,,,,,,,
392,MLBS,2,Bw,10.5,44.0,33.5,,,,,,,,,,,,,,,
393,MLBS,2,Bg,44.0,66.0,22.0,,,,,,,,,,,,,,,
394,MLBS,2,2Cg1,66.0,75.0,9.0,,,,,,,,,,,,,,,
395,MLBS,2,2Cg2,75.0,128.0,53.0,,,,,,,,,,,,,,,
396,MLBS,3,A,0.0,11.0,11.0,,,,,,,,,,,,,,,
397,MLBS,3,Bw1,11.0,44.0,33.0,,,,,,,,,,,,,,,
398,MLBS,3,Bw2,44.0,57.0,13.0,,,,,,,,,,,,,,,
399,MLBS,3,2C1,57.0,78.0,21.0,,,,,,,,,,,,,,,
400,MLBS,3,2C2,78.0,90.5,12.5,,,,,,,,,,,,,,,
401,MLBS,4,A,0.0,7.5,7.5,,,,,,,,,,,,,,,
402,MLBS,4,AB,7.5,14.5,7.0,,,,,,,,,,,,,,,
403,MLBS,4,Bw,14.5,37.0,22.5,,,,,,,,,,,,,,,
404,MLBS,4,2C,37.0,61.0,24.0,,,,,,,,,,,,,,,
405,MLBS,4,2Cg,61.0,69.0,8.0,,,,,,,,,,,,,,,
406,MLBS,5,A,0.0,9.0,9.0,,,,,,,,,,,,,,,
407,MLBS,5,Bw1,9.0,28.5,19.5,,,,,,,,,,,,,,,
408,MLBS,5,Bw2,28.5,40.0,11.5,,,,,,,,,,,,,,,
409,MLBS,5,2Cg,40.0,52.0,12.0,,,,,,,,,,,,,,,
410,MOAB,1,A,0.0,8.5,8.5,,,,,,,,,,,,,,,
411,MOAB,1,Bw,8.5,21.0,12.5,,,,,,,,,,,,,,,
412,MOAB,1,Bk1,21.0,40.0,19.0,,,,,,,,,,,,,,,
413,MOAB,1,Bk2,40.0,55.0,15.0,,,,,,,,,,,,,,,
414,MOAB,1,BCk,55.0,88.0,33.0,,,,,,,,,,,,,,,
415,MOAB,2,A,0.0,15.0,15.0,,,,,,,,,,,,,,,
416,MOAB,2,AB,15.0,21.0,6.0,,,,,,,,,,,,,,,
417,MOAB,2,Bk1,21.0,33.0,12.0,,,,,,,,,,,,,,,
418,MOAB,2,Bk2,33.0,47.0,14.0,,,,,,,,,,,,,,,
419,MOAB,2,Bk3,47.0,101.5,54.5,,,,,,,,,,,,,,,
420,MOAB,3,A,0.0,14.0,14.0,,,,,,,,,,,,,,,
421,MOAB,3,Bk1,14.0,40.0,26.0,,,,,,,,,,,,,,,
422,MOAB,3,Bk2,40.0,75.0,35.0,,,,,,,,,,,,,,,
423,MOAB,3,Bk3,75.0,126.5,51.5,,,,,,,,,,,,,,,
424,MOAB,4,A,0.0,16.0,16.0,,,,,,,,,,,,,,,
425,MOAB,4,AB,16.0,28.0,12.0,,,,,,,,,,,,,,,
426,MOAB,4,Bk1,28.0,41.0,13.0,,,,,,,,,,,,,,,
427,MOAB,4,Bk2,41.0,117.0,76.0,,,,,,,,,,,,,,,
428,MOAB,5,A,0.0,22.0,22.0,,,,,,,,,,,,,,,
429,MOAB,5,Ak1,22.0,42.0,20.0,,,,,,,,,,,,,,,
430,MOAB,5,Bk2,42.0,58.0,16.0,,,,,,,,,,,,,,,
431,MOAB,5,Bk3,58.0,78.0,20.0,,,,,,,,,,,,,,,
432,NGPRL,1,A,0.0,24.5,24.5,,,,,,,,,,,,,,,
433,NGPRL,1,Bt,24.5,46.0,21.5,,,,,,,,,,,,,,,
434,NGPRL,1,Btk1,46.0,63.0,17.0,,,,,,,,,,,,,,,
435,NGPRL,1,Btk2,63.0,82.5,19.5,,,,,,,,,,,,,,,
436,NGPRL,2,A,0.0,24.0,24.0,,,,,,,,,,,,,,,
437,NGPRL,2,Bt1,24.0,45.0,21.0,,,,,,,,,,,,,,,
438,NGPRL,2,Bt2,45.0,72.0,27.0,,,,,,,,,,,,,,,
439,NGPRL,2,Btk,72.0,91.5,19.5,,,,,,,,,,,,,,,
440,NGPRL,3,A,0.0,30.0,30.0,,,,,,,,,,,,,,,
441,NGPRL,3,Bt,30.0,50.0,20.0,,,,,,,,,,,,,,,
442,NGPRL,3,Btk,50.0,85.0,35.0,,,,,,,,,,,,,,,
443,NGPRL,4,A,0.0,21.0,21.0,,,,,,,,,,,,,,,
444,NGPRL,4,Bt,21.0,51.0,30.0,,,,,,,,,,,,,,,
445,NGPRL,4,Btk,51.0,80.0,29.0,,,,,,,,,,,,,,,
446,NGPRL,5,A,0.0,29.0,29.0,,,,,,,,,,,,,,,
447,NGPRL,5,Bt,29.0,64.0,35.0,,,,,,,,,,,,,,,
448,NGPRL,5,Btk,64.0,84.5,20.5,,,,,,,,,,,,,,,
449,NIWO,1,A,0.0,15.0,15.0,,,,,,,,,,,,,,,
450,NIWO,1,Bw1,15.0,37.0,22.0,,,,,,,,,,,,,,,
451,NIWO,1,Bw2,37.0,105.0,68.0,,,,,,,,,,,,,,,
452,NIWO,1,2C,105.0,147.0,42.0,,,,,,,,,,,,,,,
453,NIWO,2,A1,0.0,11.0,11.0,,,,,,,,,,,,,,,
454,NIWO,2,A2,11.0,35.0,24.0,,,,,,,,,,,,,,,
455,NIWO,2,Bw,35.0,66.0,31.0,,,,,,,,,,,,,,,
456,NIWO,2,2C,66.0,150.0,84.0,,,,,,,,,,,,,,,
457,NIWO,3,A1,0.0,10.0,10.0,,,,,,,,,,,,,,,
458,NIWO,3,A2,10.0,24.0,14.0,,,,,,,,,,,,,,,
459,NIWO,3,Bw,24.0,54.0,30.0,,,,,,,,,,,,,,,
460,NIWO,3,2Cr1,54.0,110.0,56.0,,,,,,,,,,,,,,,
461,NIWO,3,2Cr2,110.0,137.0,27.0,,,,,,,,,,,,,,,
462,NIWO,4,A,0.0,10.0,10.0,,,,,,,,,,,,,,,
463,NIWO,4,AB,10.0,16.0,6.0,,,,,,,,,,,,,,,
464,NIWO,4,Bw1,16.0,37.0,21.0,,,,,,,,,,,,,,,
465,NIWO,4,Bw2,37.0,69.0,32.0,,,,,,,,,,,,,,,
466,NIWO,4,2Cr,69.0,129.0,60.0,,,,,,,,,,,,,,,
467,NIWO,4,2C,129.0,147.0,18.0,,,,,,,,,,,,,,,
468,NIWO,5,A,0.0,9.0,9.0,,,,,,,,,,,,,,,
469,NIWO,5,A/B,9.0,18.0,9.0,,,,,,,,,,,,,,,
470,NIWO,5,Bw1,18.0,37.0,19.0,,,,,,,,,,,,,,,
471,NIWO,5,Bw2,37.0,65.0,28.0,,,,,,,,,,,,,,,
472,NIWO,5,2Cr1,65.0,124.0,59.0,,,,,,,,,,,,,,,
473,NIWO,5,2Cr2,124.0,158.0,34.0,,,,,,,,,,,,,,,
830,OAES,1,Ak,0.0,16.5,16.5,,,,,,,,,,,,,,,
831,OAES,1,Bk1,16.5,41.0,24.5,,,,,,,,,,,,,,,
832,OAES,1,Bk2,41.0,51.0,10.0,,,,,,,,,,,,,,,
833,OAES,2,Ak,0.0,18.0,18.0,,,,,,,,,,,,,,,
834,OAES,2,Bk1,18.0,38.0,20.0,,,,,,,,,,,,,,,
835,OAES,2,Bk2,38.0,70.0,32.0,,,,,,,,,,,,,,,
836,OAES,3,A,0.0,15.0,15.0,,,,,,,,,,,,,,,
837,OAES,3,Ak,15.0,23.0,8.0,,,,,,,,,,,,,,,
838,OAES,3,Bk1,23.0,36.0,13.0,,,,,,,,,,,,,,,
839,OAES,3,Bk2,36.0,42.5,6.5,,,,,,,,,,,,,,,
840,OAES,4,A,0.0,13.0,13.0,,,,,,,,,,,,,,,
841,OAES,4,Ak,13.0,18.0,5.0,,,,,,,,,,,,,,,
842,OAES,4,Bk1,18.0,40.0,22.0,,,,,,,,,,,,,,,
843,OAES,4,Bk2,40.0,50.0,10.0,,,,,,,,,,,,,,,
844,OAES,5,A,0.0,19.0,19.0,,,,,,,,,,,,,,,
845,OAES,5,Ak,19.0,26.0,7.0,,,,,,,,,,,,,,,
846,OAES,5,Bk1,26.0,53.0,27.0,,,,,,,,,,,,,,,
847,OAES,5,Bk2,53.0,63.5,10.5,,,,,,,,,,,,,,,
474,ONAQ,1,Ak,0.0,10.0,10.0,,,,,,,,,,,,,,,
475,ONAQ,1,Bk1,10.0,43.0,33.0,,,,,,,,,,,,,,,
476,ONAQ,1,Bk2,43.0,100.0,57.0,,,,,,,,,,,,,,,
477,ONAQ,1,Bk3,100.0,122.0,22.0,,,,,,,,,,,,,,,
478,ONAQ,1,2CBK,122.0,154.5,32.5,,,,,,,,,,,,,,,
479,ONAQ,2,Ak,0.0,11.0,11.0,,,,,,,,,,,,,,,
480,ONAQ,2,Bk1,11.0,54.0,43.0,,,,,,,,,,,,,,,
481,ONAQ,2,Bk2,54.0,92.0,38.0,,,,,,,,,,,,,,,
482,ONAQ,2,2CBk1,92.0,128.0,36.0,,,,,,,,,,,,,,,
483,ONAQ,2,2CBk2,128.0,152.0,24.0,,,,,,,,,,,,,,,
484,ONAQ,3,Ak,0.0,9.0,9.0,,,,,,,,,,,,,,,
485,ONAQ,3,Bk1,9.0,63.0,54.0,,,,,,,,,,,,,,,
486,ONAQ,3,Bk2,63.0,89.0,26.0,,,,,,,,,,,,,,,
487,ONAQ,3,Bk3,89.0,127.0,38.0,,,,,,,,,,,,,,,
488,ONAQ,3,2CBk1,127.0,150.0,23.0,,,,,,,,,,,,,,,
489,ONAQ,4,Ak,0.0,9.0,9.0,,,,,,,,,,,,,,,
490,ONAQ,4,Bk1,9.0,50.0,41.0,,,,,,,,,,,,,,,
491,ONAQ,4,Bk2,50.0,111.0,61.0,,,,,,,,,,,,,,,
492,ONAQ,4,2CBk,111.0,140.0,29.0,,,,,,,,,,,,,,,
493,ONAQ,5,Ak,0.0,13.0,13.0,,,,,,,,,,,,,,,
494,ONAQ,5,Bk1,13.0,60.0,47.0,,,,,,,,,,,,,,,
495,ONAQ,5,Bk2,60.0,111.0,51.0,,,,,,,,,,,,,,,
496,ONAQ,5,2CBk,111.0,136.5,25.5,,,,,,,,,,,,,,,
497,ORNL,1,A,0.0,10.0,10.0,,,,,,,,,,,,,,,
498,ORNL,1,EB,10.0,33.0,23.0,,,,,,,,,,,,,,,
499,ORNL,1,Bt1,33.0,55.0,22.0,,,,,,,,,,,,,,,
500,ORNL,1,Bt2,55.0,71.0,16.0,,,,,,,,,,,,,,,
501,ORNL,1,Bt3,71.0,132.0,61.0,,,,,,,,,,,,,,,
502,ORNL,2,A,0.0,9.0,9.0,,,,,,,,,,,,,,,
503,ORNL,2,E,9.0,27.0,18.0,,,,,,,,,,,,,,,
504,ORNL,2,Bt1,27.0,45.0,18.0,,,,,,,,,,,,,,,
505,ORNL,2,Bt2,45.0,105.0,60.0,,,,,,,,,,,,,,,
506,ORNL,2,Bt3,105.0,154.0,49.0,,,,,,,,,,,,,,,
507,ORNL,3,Oe,0.0,2.5,2.5,,,,,,,,,,,,,,,
508,ORNL,3,AE,2.5,10.0,7.5,,,,,,,,,,,,,,,
509,ORNL,3,E1,10.0,21.0,11.0,,,,,,,,,,,,,,,
510,ORNL,3,E2,21.0,37.0,16.0,,,,,,,,,,,,,,,
511,ORNL,3,Bt1,37.0,67.0,30.0,,,,,,,,,,,,,,,
512,ORNL,3,Bt2,67.0,109.0,42.0,,,,,,,,,,,,,,,
513,ORNL,4,A,0.0,7.0,7.0,,,,,,,,,,,,,,,
514,ORNL,4,E,7.0,26.0,19.0,,,,,,,,,,,,,,,
515,ORNL,4,Bt1,26.0,56.0,30.0,,,,,,,,,,,,,,,
516,ORNL,4,Bt2,56.0,146.0,90.0,,,,,,,,,,,,,,,
517,ORNL,5,A,0.0,6.0,6.0,,,,,,,,,,,,,,,
518,ORNL,5,E,6.0,30.0,24.0,,,,,,,,,,,,,,,
519,ORNL,5,Bt1,30.0,42.0,12.0,,,,,,,,,,,,,,,
520,ORNL,5,Bt2,42.0,160.0,118.0,,,,,,,,,,,,,,,
521,OSBS,1,A,0.0,3.5,3.5,,,,,,,,,,,,,,,
522,OSBS,1,A,0.0,15.0,15.0,,,,,,,,,,,,,,,
523,OSBS,1,AB,15.0,28.0,13.0,,,,,,,,,,,,,,,
524,OSBS,1,Bw1,3.5,17.0,13.5,,,,,,,,,,,,,,,
525,OSBS,1,Bw1,28.0,47.0,19.0,,,,,,,,,,,,,,,
526,OSBS,1,Bw2,17.0,83.5,66.5,,,,,,,,,,,,,,,
527,OSBS,1,Bw2,47.0,96.0,49.0,,,,,,,,,,,,,,,
528,OSBS,1,Bw3,83.5,113.0,29.5,,,,,,,,,,,,,,,
529,OSBS,1,Bw3,96.0,121.0,25.0,,,,,,,,,,,,,,,
530,OSBS,2,A,0.0,7.0,7.0,,,,,,,,,,,,,,,
531,OSBS,2,Bw1,7.0,43.0,36.0,,,,,,,,,,,,,,,
532,OSBS,2,Bw2,43.0,80.0,37.0,,,,,,,,,,,,,,,
533,OSBS,2,Bw3,80.0,111.5,31.5,,,,,,,,,,,,,,,
534,OSBS,3,A,0.0,3.0,3.0,,,,,,,,,,,,,,,
535,OSBS,3,AB,3.0,19.0,16.0,,,,,,,,,,,,,,,
536,OSBS,3,Bw1,19.0,45.5,26.5,,,,,,,,,,,,,,,
537,OSBS,3,Bw2,45.5,83.5,38.0,,,,,,,,,,,,,,,
538,OSBS,3,Bw3,83.5,125.0,41.5,,,,,,,,,,,,,,,
539,OSBS,4,A,0.0,3.5,3.5,,,,,,,,,,,,,,,
540,OSBS,4,AE,3.5,5.5,2.0,,,,,,,,,,,,,,,
541,OSBS,4,Bh,5.5,12.0,6.5,,,,,,,,,,,,,,,
542,OSBS,4,Bw1,12.0,40.0,28.0,,,,,,,,,,,,,,,
543,OSBS,4,Bw2,40.0,60.0,20.0,,,,,,,,,,,,,,,
544,OSBS,4,Bw3,60.0,111.0,51.0,,,,,,,,,,,,,,,
545,OSBS,5,A,0.0,1.0,1.0,,,,,,,,,,,,,,,
546,OSBS,5,Bw1,1.0,21.0,20.0,,,,,,,,,,,,,,,
547,OSBS,5,Bw2,21.0,69.0,48.0,,,,,,,,,,,,,,,
548,OSBS,5,Bw3,69.0,121.0,52.0,,,,,,,,,,,,,,,
549,RMNP,1,Oe,2.0,0.0,-2.0,,,,,,,,,,,,,,,
550,RMNP,1,A,0.0,9.0,9.0,,,,,,,,,,,,,,,
551,RMNP,1,Bt,9.0,17.5,8.5,,,,,,,,,,,,,,,
552,RMNP,1,BC,17.5,37.5,20.0,,,,,,,,,,,,,,,
553,RMNP,1,Cr,37.5,63.5,26.0,,,,,,,,,,,,,,,
554,RMNP,1,Oe,4.0,0.0,-4.0,,,,,,,,,,,,,,,
555,RMNP,1,A,0.0,12.0,12.0,,,,,,,,,,,,,,,
556,RMNP,1,Bt,12.0,23.5,11.5,,,,,,,,,,,,,,,
557,RMNP,1,BC,23.5,42.0,18.5,,,,,,,,,,,,,,,
558,RMNP,1,Cr,42.0,63.5,21.5,,,,,,,,,,,,,,,
559,RMNP,2,A,0.0,4.5,4.5,,,,,,,,,,,,,,,
560,RMNP,2,Bt,4.5,33.0,28.5,,,,,,,,,,,,,,,
561,RMNP,2,Bw,33.0,46.0,13.0,,,,,,,,,,,,,,,
562,RMNP,2,CB,46.0,88.5,42.5,,,,,,,,,,,,,,,
563,RMNP,3,Oe,0.0,2.5,2.5,,,,,,,,,,,,,,,
564,RMNP,3,A,2.5,12.0,9.5,,,,,,,,,,,,,,,
565,RMNP,3,AB,12.0,21.5,9.5,,,,,,,,,,,,,,,
566,RMNP,3,Bt,21.5,45.0,23.5,,,,,,,,,,,,,,,
567,RMNP,3,CB,45.0,98.0,53.0,,,,,,,,,,,,,,,
568,RMNP,3,Cr,98.0,119.0,21.0,,,,,,,,,,,,,,,
569,RMNP,4,Oe,2.5,0.0,-2.5,,,,,,,,,,,,,,,
570,RMNP,4,A,0.0,14.5,14.5,,,,,,,,,,,,,,,
571,RMNP,4,Bt,14.5,31.5,17.0,,,,,,,,,,,,,,,
572,RMNP,4,BC,31.5,53.5,22.0,,,,,,,,,,,,,,,
573,RMNP,4,CB,53.5,66.5,13.0,,,,,,,,,,,,,,,
574,RMNP,5,Oe,2.0,0.0,-2.0,,,,,,,,,,,,,,,
575,RMNP,5,A1,0.0,6.5,6.5,,,,,,,,,,,,,,,
576,RMNP,5,A2,6.5,30.5,24.0,,,,,,,,,,,,,,,
577,RMNP,5,Bt,30.5,47.5,17.0,,,,,,,,,,,,,,,
578,RMNP,5,Cr,47.5,120.0,72.5,,,,,,,,,,,,,,,
579,SCBI,1,A,0.0,6.0,6.0,,,,,,,,,,,,,,,
580,SCBI,1,BA,6.0,14.0,8.0,,,,,,,,,,,,,,,
581,SCBI,1,Bt1,14.0,31.5,17.5,,,,,,,,,,,,,,,
582,SCBI,1,Bt2,31.5,66.0,34.5,,,,,,,,,,,,,,,
583,SCBI,1,Bt3,66.0,122.0,56.0,,,,,,,,,,,,,,,
584,SCBI,1,BC,122.0,177.5,55.5,,,,,,,,,,,,,,,
585,SCBI,2,A,0.0,7.0,7.0,,,,,,,,,,,,,,,
586,SCBI,2,BA,7.0,16.0,9.0,,,,,,,,,,,,,,,
587,SCBI,2,Bt1,16.0,43.0,27.0,,,,,,,,,,,,,,,
588,SCBI,2,Bt2,43.0,78.0,35.0,,,,,,,,,,,,,,,
589,SCBI,2,BC1,78.0,126.0,48.0,,,,,,,,,,,,,,,
590,SCBI,2,BC2,126.0,169.5,43.5,,,,,,,,,,,,,,,
591,SCBI,3,A,0.0,7.5,7.5,,,,,,,,,,,,,,,
592,SCBI,3,Bt,7.5,41.0,33.5,,,,,,,,,,,,,,,
593,SCBI,3,C/B,41.0,124.0,83.0,,,,,,,,,,,,,,,
594,SCBI,3,2Bt,124.0,155.0,31.0,,,,,,,,,,,,,,,
595,SCBI,4,A,0.0,10.5,10.5,,,,,,,,,,,,,,,
596,SCBI,4,Bt,10.5,35.5,25.0,,,,,,,,,,,,,,,
597,SCBI,4,BC,35.5,94.0,58.5,,,,,,,,,,,,,,,
598,SCBI,4,CB,94.0,155.0,61.0,,,,,,,,,,,,,,,
599,SCBI,5,A,0.0,8.0,8.0,,,,,,,,,,,,,,,
600,SCBI,5,BA,8.0,20.0,12.0,,,,,,,,,,,,,,,
601,SCBI,5,Bt1,20.0,42.0,22.0,,,,,,,,,,,,,,,
602,SCBI,5,Bt2,42.0,61.0,19.0,,,,,,,,,,,,,,,
603,SCBI,5,Bt3,61.0,137.0,76.0,,,,,,,,,,,,,,,
604,SCBI,5,BC,135.0,144.5,9.5,,,,,,,,,,,,,,,
605,SERC,1,A,0.0,10.0,10.0,,,,,,,,,,,,,,,
606,SERC,1,AB,10.0,18.0,8.0,,,,,,,,,,,,,,,
607,SERC,1,Bt1,18.0,29.5,11.5,,,,,,,,,,,,,,,
608,SERC,1,Bt2,29.5,53.8,24.3,,,,,,,,,,,,,,,
609,SERC,1,Bt3,53.8,76.0,22.2,,,,,,,,,,,,,,,
610,SERC,1,BC,76.0,132.0,56.0,,,,,,,,,,,,,,,
611,SERC,1,C,132.0,150.0,18.0,,,,,,,,,,,,,,,
612,SERC,2,A,0.0,9.0,9.0,,,,,,,,,,,,,,,
613,SERC,2,AB,9.0,23.0,14.0,,,,,,,,,,,,,,,
614,SERC,2,Bt1,23.0,50.0,27.0,,,,,,,,,,,,,,,
615,SERC,2,BC,50.0,112.5,62.5,,,,,,,,,,,,,,,
616,SERC,2,Bgt,112.5,170.5,58.0,,,,,,,,,,,,,,,
617,SERC,3,A,0.0,6.5,6.5,,,,,,,,,,,,,,,
618,SERC,3,AB,6.5,19.0,12.5,,,,,,,,,,,,,,,
619,SERC,3,Bt,19.0,39.0,20.0,,,,,,,,,,,,,,,
620,SERC,3,Btg1,39.0,79.0,40.0,,,,,,,,,,,,,,,
621,SERC,3,Btg2,79.0,133.0,54.0,,,,,,,,,,,,,,,
622,SERC,3,Btg3,133.0,158.0,25.0,,,,,,,,,,,,,,,
623,SERC,4,A,0.0,9.0,9.0,,,,,,,,,,,,,,,
624,SERC,4,AB,9.0,24.0,15.0,,,,,,,,,,,,,,,
625,SERC,4,Bt,24.0,61.0,37.0,,,,,,,,,,,,,,,
626,SERC,4,Btg1,61.0,85.0,24.0,,,,,,,,,,,,,,,
627,SERC,4,Btg2,85.0,155.0,70.0,,,,,,,,,,,,,,,
628,SERC,5,A,0.0,9.0,9.0,,,,,,,,,,,,,,,
629,SERC,5,AB,9.0,18.0,9.0,,,,,,,,,,,,,,,
630,SERC,5,Bt,18.0,38.0,20.0,,,,,,,,,,,,,,,
631,SERC,5,Btg1,38.0,73.0,35.0,,,,,,,,,,,,,,,
632,SERC,5,Btg2,73.0,110.0,37.0,,,,,,,,,,,,,,,
633,SERC,5,Btg3,110.0,166.0,56.0,,,,,,,,,,,,,,,
634,SJER,1,A1,0.0,6.0,6.0,,,,,,,,,,,,,,,
635,SJER,1,A2,6.0,15.0,9.0,,,,,,,,,,,,,,,
636,SJER,1,AB,15.0,30.0,15.0,,,,,,,,,,,,,,,
637,SJER,1,Bw1,30.0,56.0,26.0,,,,,,,,,,,,,,,
638,SJER,1,Bw2,56.0,79.0,23.0,,,,,,,,,,,,,,,
639,SJER,1,Cr,79.0,91.5,12.5,,,,,,,,,,,,,,,
640,SJER,2,A1,0.0,7.0,7.0,,,,,,,,,,,,,,,
641,SJER,2,A2,7.0,19.0,12.0,,,,,,,,,,,,,,,
642,SJER,2,Bw,19.0,37.0,18.0,,,,,,,,,,,,,,,
643,SJER,2,Cr,37.0,61.0,24.0,,,,,,,,,,,,,,,
644,SJER,3,Oi,0.0,3.0,3.0,,,,,,,,,,,,,,,
645,SJER,3,A1,3.0,16.0,13.0,,,,,,,,,,,,,,,
646,SJER,3,A2,16.0,40.0,24.0,,,,,,,,,,,,,,,
647,SJER,3,Bw,40.0,59.0,19.0,,,,,,,,,,,,,,,
648,SJER,3,C/B,59.0,76.0,17.0,,,,,,,,,,,,,,,
649,SJER,4,A,0.0,20.0,20.0,,,,,,,,,,,,,,,
650,SJER,4,AB,20.0,32.0,12.0,,,,,,,,,,,,,,,
651,SJER,4,Bw,32.0,47.5,15.5,,,,,,,,,,,,,,,
652,SJER,4,Cr,47.5,60.0,12.5,,,,,,,,,,,,,,,
653,SJER,5,A1,0.0,8.0,8.0,,,,,,,,,,,,,,,
654,SJER,5,A2,8.0,29.0,21.0,,,,,,,,,,,,,,,
655,SJER,5,AB,29.0,43.0,14.0,,,,,,,,,,,,,,,
656,SJER,5,Bw,43.0,58.0,15.0,,,,,,,,,,,,,,,
657,SOAP,1,Oi,0.0,2.0,2.0,,,,,,,,,,,,,,,
658,SOAP,1,A1,2.0,8.0,6.0,,,,,,,,,,,,,,,
659,SOAP,1,A2,8.0,25.0,17.0,,,,,,,,,,,,,,,
660,SOAP,1,AB,25.0,30.0,5.0,,,,,,,,,,,,,,,
661,SOAP,1,Bt1,30.0,52.0,22.0,,,,,,,,,,,,,,,
662,SOAP,1,Bt2,52.0,92.0,40.0,,,,,,,,,,,,,,,
663,SOAP,1,Bt3,92.0,126.0,34.0,,,,,,,,,,,,,,,
664,SOAP,1,Cr,126.0,143.5,17.5,,,,,,,,,,,,,,,
665,SOAP,2,Oi,0.0,2.0,2.0,,,,,,,,,,,,,,,
666,SOAP,2,A1,2.0,9.0,7.0,,,,,,,,,,,,,,,
667,SOAP,2,A2,9.0,27.0,18.0,,,,,,,,,,,,,,,
668,SOAP,2,AB,27.0,51.0,24.0,,,,,,,,,,,,,,,
669,SOAP,2,Bt1,51.0,96.0,45.0,,,,,,,,,,,,,,,
670,SOAP,2,Bt2,96.0,119.0,23.0,,,,,,,,,,,,,,,
671,SOAP,2,Bt3,119.0,149.0,30.0,,,,,,,,,,,,,,,
672,SOAP,3,A,0.0,15.0,15.0,,,,,,,,,,,,,,,
673,SOAP,3,AB,15.0,23.0,8.0,,,,,,,,,,,,,,,
674,SOAP,3,Bt1,23.0,43.0,20.0,,,,,,,,,,,,,,,
675,SOAP,3,Bt2,43.0,79.0,36.0,,,,,,,,,,,,,,,
676,SOAP,3,Bt3,79.0,115.0,36.0,,,,,,,,,,,,,,,
677,SOAP,3,Bt4,115.0,158.0,43.0,,,,,,,,,,,,,,,
678,SOAP,4,Oe,0.0,3.0,3.0,,,,,,,,,,,,,,,
679,SOAP,4,A,3.0,11.0,8.0,,,,,,,,,,,,,,,
680,SOAP,4,AB,11.0,35.0,24.0,,,,,,,,,,,,,,,
681,SOAP,4,Bt1,35.0,52.0,17.0,,,,,,,,,,,,,,,
682,SOAP,4,Bt2,52.0,87.0,35.0,,,,,,,,,,,,,,,
683,SOAP,4,Bt3,87.0,132.0,45.0,,,,,,,,,,,,,,,
684,SOAP,4,Bt4,132.0,158.0,26.0,,,,,,,,,,,,,,,
685,SOAP,5,Oi,0.0,1.0,1.0,,,,,,,,,,,,,,,
686,SOAP,5,A,1.0,15.0,14.0,,,,,,,,,,,,,,,
687,SOAP,5,A/B,15.0,25.0,10.0,,,,,,,,,,,,,,,
688,SOAP,5,Bt1,25.0,45.0,20.0,,,,,,,,,,,,,,,
689,SOAP,5,Bt2,45.0,72.0,27.0,,,,,,,,,,,,,,,
690,SOAP,5,Bt3,72.0,104.0,32.0,,,,,,,,,,,,,,,
691,SOAP,5,Bt4,104.0,123.0,19.0,,,,,,,,,,,,,,,
692,SRER,1,Ak,0.0,21.0,21.0,,,,,,,,,,,,,,,
693,SRER,1,Bw,21.0,72.0,51.0,,,,,,,,,,,,,,,
694,SRER,1,Bk1,72.0,104.0,32.0,,,,,,,,,,,,,,,
695,SRER,1,Bk2,104.0,145.0,41.0,,,,,,,,,,,,,,,
696,SRER,1,Bk3,145.0,179.0,34.0,,,,,,,,,,,,,,,
697,SRER,2,Ak,0.0,30.0,30.0,,,,,,,,,,,,,,,
698,SRER,2,Bw,30.0,77.0,47.0,,,,,,,,,,,,,,,
699,SRER,2,Ck1,77.0,110.0,33.0,,,,,,,,,,,,,,,
700,SRER,2,Ck2,110.0,139.0,29.0,,,,,,,,,,,,,,,
701,SRER,3,Ak1,0.0,12.0,12.0,,,,,,,,,,,,,,,
702,SRER,3,Ak2,12.0,29.0,17.0,,,,,,,,,,,,,,,
703,SRER,3,Bw,29.0,58.0,29.0,,,,,,,,,,,,,,,
704,SRER,3,Ck,58.0,109.5,51.5,,,,,,,,,,,,,,,
705,SRER,4,Ak1,0.0,12.0,12.0,,,,,,,,,,,,,,,
706,SRER,4,Ak2,12.0,23.0,11.0,,,,,,,,,,,,,,,
707,SRER,4,Bw1,23.0,64.0,41.0,,,,,,,,,,,,,,,
708,SRER,4,Ck,64.0,133.0,69.0,,,,,,,,,,,,,,,
709,SRER,5,Ak1,0.0,10.0,10.0,,,,,,,,,,,,,,,
710,SRER,5,Ak2,10.0,37.0,27.0,,,,,,,,,,,,,,,
711,SRER,5,Ak3,37.0,56.0,19.0,,,,,,,,,,,,,,,
712,SRER,5,Bw1,56.0,76.0,20.0,,,,,,,,,,,,,,,
848,STEI,1,Oe,0.0,2.0,2.0,,,,,,,,,,,,,,,
849,STEI,1,A2,2.0,15.0,13.0,,,,,,,,,,,,,,,
850,STEI,1,E/B,15.0,26.0,11.0,,,,,,,,,,,,,,,
851,STEI,1,Bh,26.0,33.0,7.0,,,,,,,,,,,,,,,
852,STEI,1,E,33.0,37.0,4.0,,,,,,,,,,,,,,,
853,STEI,1,Bs1,37.0,56.0,19.0,,,,,,,,,,,,,,,
854,STEI,1,Bs2,56.0,70.0,14.0,,,,,,,,,,,,,,,
855,STEI,1,BC1,70.0,92.0,22.0,,,,,,,,,,,,,,,
856,STEI,1,BC2,92.0,122.0,30.0,,,,,,,,,,,,,,,
857,STEI,1,BC3,122.0,167.0,45.0,,,,,,,,,,,,,,,
858,STEI,2,A,0.0,8.0,8.0,,,,,,,,,,,,,,,
859,STEI,2,Bs1,8.0,24.0,16.0,,,,,,,,,,,,,,,
860,STEI,2,Bs2,24.0,42.0,18.0,,,,,,,,,,,,,,,
861,STEI,2,BC1,42.0,60.0,18.0,,,,,,,,,,,,,,,
862,STEI,2,BC2,60.0,100.0,40.0,,,,,,,,,,,,,,,
863,STEI,2,BC3,100.0,180.0,80.0,,,,,,,,,,,,,,,
864,STEI,3,A,0.0,15.0,15.0,,,,,,,,,,,,,,,
865,STEI,3,EB,15.0,21.5,6.5,,,,,,,,,,,,,,,
866,STEI,3,Bhs,21.5,33.0,11.5,,,,,,,,,,,,,,,
867,STEI,3,Bs1,33.0,48.0,15.0,,,,,,,,,,,,,,,
868,STEI,3,Bs2,48.0,67.0,19.0,,,,,,,,,,,,,,,
869,STEI,3,BC1,67.0,102.0,35.0,,,,,,,,,,,,,,,
870,STEI,3,BC2,102.0,150.0,48.0,,,,,,,,,,,,,,,
871,STEI,3,BC3,150.0,207.0,57.0,,,,,,,,,,,,,,,
872,STEI,4,A,0.0,9.0,9.0,,,,,,,,,,,,,,,
873,STEI,4,Bhs1,9.0,15.5,6.5,,,,,,,,,,,,,,,
874,STEI,4,Bhs2,15.5,30.0,14.5,,,,,,,,,,,,,,,
875,STEI,4,E/B,30.0,46.0,16.0,,,,,,,,,,,,,,,
876,STEI,4,Bg,46.0,75.0,29.0,,,,,,,,,,,,,,,
877,STEI,4,BC1,75.0,90.0,15.0,,,,,,,,,,,,,,,
878,STEI,4,BC2,90.0,140.0,50.0,,,,,,,,,,,,,,,
879,STEI,4,BC3,140.0,189.0,49.0,,,,,,,,,,,,,,,
880,STEI,4,BC4,189.0,219.0,30.0,,,,,,,,,,,,,,,
881,STEI,5,A,0.0,10.5,10.5,,,,,,,,,,,,,,,
882,STEI,5,BA,10.5,18.0,7.5,,,,,,,,,,,,,,,
883,STEI,5,Bt,18.0,45.0,27.0,,,,,,,,,,,,,,,
884,STEI,5,Btg,45.0,61.0,16.0,,,,,,,,,,,,,,,
885,STEI,5,Bg,61.0,79.0,18.0,,,,,,,,,,,,,,,
886,STEI,5,BC1,79.0,147.0,68.0,,,,,,,,,,,,,,,
887,STEI,5,BC2,147.0,209.0,62.0,,,,,,,,,,,,,,,
713,STER,1,Ap1,0.0,8.0,8.0,,,,,,,,,,,,,,,
714,STER,1,Ap2,8.0,30.0,22.0,,,,,,,,,,,,,,,
715,STER,1,AB,30.0,45.0,15.0,,,,,,,,,,,,,,,
716,STER,1,Btk1,45.0,76.0,31.0,,,,,,,,,,,,,,,
717,STER,1,Btk2,76.0,157.0,81.0,,,,,,,,,,,,,,,
718,STER,1,CK,157.0,175.0,18.0,,,,,,,,,,,,,,,
719,STER,2,Ap,0.0,38.0,38.0,,,,,,,,,,,,,,,
720,STER,2,AB,38.0,51.0,13.0,,,,,,,,,,,,,,,
721,STER,2,Btk1,51.0,72.0,21.0,,,,,,,,,,,,,,,
722,STER,2,Btk2,75.0,100.0,25.0,,,,,,,,,,,,,,,
723,STER,2,Ck,100.0,159.0,59.0,,,,,,,,,,,,,,,
724,STER,3,Ap,0.0,32.0,32.0,,,,,,,,,,,,,,,
725,STER,3,Btk1,32.0,68.0,36.0,,,,,,,,,,,,,,,
726,STER,3,Btk2,68.0,126.0,58.0,,,,,,,,,,,,,,,
727,STER,3,C,126.0,169.0,43.0,,,,,,,,,,,,,,,
728,STER,4,Ap,0.0,17.0,17.0,,,,,,,,,,,,,,,
729,STER,4,A1,17.0,56.0,39.0,,,,,,,,,,,,,,,
730,STER,4,Bt,56.0,103.0,47.0,,,,,,,,,,,,,,,
731,STER,4,Btk,103.0,140.0,37.0,,,,,,,,,,,,,,,
732,STER,4,Ck,140.0,151.5,11.5,,,,,,,,,,,,,,,
733,STER,5,Ap,0.0,13.0,13.0,,,,,,,,,,,,,,,
734,STER,5,Btk1,13.0,33.0,20.0,,,,,,,,,,,,,,,
735,STER,5,A',33.0,38.0,5.0,,,,,,,,,,,,,,,
736,STER,5,Btk2,38.0,76.0,38.0,,,,,,,,,,,,,,,
737,STER,5,BC,76.0,120.0,44.0,,,,,,,,,,,,,,,
738,TALL,1,A1,0.0,11.0,11.0,,,,,,,,,,,,,,,
739,TALL,1,A2,11.0,26.0,15.0,,,,,,,,,,,,,,,
740,TALL,1,Bt1,26.0,98.0,72.0,,,,,,,,,,,,,,,
741,TALL,1,Bt2,98.0,121.0,23.0,,,,,,,,,,,,,,,
742,TALL,1,Bt3,121.0,166.0,45.0,,,,,,,,,,,,,,,
743,TALL,2,A1,0.0,6.0,6.0,,,,,,,,,,,,,,,
744,TALL,2,A2,6.0,30.0,24.0,,,,,,,,,,,,,,,
745,TALL,2,Bt1,30.0,45.0,15.0,,,,,,,,,,,,,,,
746,TALL,2,Bt2,45.0,146.5,101.5,,,,,,,,,,,,,,,
747,TALL,2,Bt3,146.5,173.0,26.5,,,,,,,,,,,,,,,
748,TALL,3,A/B,0.0,8.0,8.0,,,,,,,,,,,,,,,
749,TALL,3,Bt1,8.0,30.0,22.0,,,,,,,,,,,,,,,
750,TALL,3,Bt2,30.0,178.0,148.0,,,,,,,,,,,,,,,
751,TALL,3,Bt3,178.0,214.0,36.0,,,,,,,,,,,,,,,
752,TALL,4,A,0.0,5.0,5.0,,,,,,,,,,,,,,,
753,TALL,4,A/B,5.0,18.0,13.0,,,,,,,,,,,,,,,
754,TALL,4,Bt1,18.0,71.0,53.0,,,,,,,,,,,,,,,
755,TALL,4,Bt2,71.0,136.0,65.0,,,,,,,,,,,,,,,
756,TALL,4,Btg,136.0,176.0,40.0,,,,,,,,,,,,,,,
757,TALL,4,BC,176.0,202.0,26.0,,,,,,,,,,,,,,,
758,TALL,5,A,0.0,4.0,4.0,,,,,,,,,,,,,,,
759,TALL,5,AB,4.0,18.0,14.0,,,,,,,,,,,,,,,
760,TALL,5,Bt1,18.0,74.0,56.0,,,,,,,,,,,,,,,
761,TALL,5,Bt2,74.0,101.0,27.0,,,,,,,,,,,,,,,
762,TALL,5,B/C,101.0,191.0,90.0,,,,,,,,,,,,,,,
1021,TOOL,,,,,,,,,,,,,,,,,,,,
1022,TOOL,,,,,,,,,,,,,,,,,,,,
1023,TOOL,,,,,,,,,,,,,,,,,,,,
1024,TOOL,,,,,,,,,,,,,,,,,,,,
888,TREE,1,A,0.0,6.5,6.5,,,,,,,,,,,,,,,
889,TREE,1,E,6.5,10.0,3.5,,,,,,,,,,,,,,,
890,TREE,1,A/B,10.0,14.0,4.0,,,,,,,,,,,,,,,
891,TREE,1,EB1,14.0,36.0,22.0,,,,,,,,,,,,,,,
892,TREE,1,EB2,36.0,47.0,11.0,,,,,,,,,,,,,,,
893,TREE,1,Bs1,47.0,65.0,18.0,,,,,,,,,,,,,,,
894,TREE,1,Bs2,65.0,99.0,34.0,,,,,,,,,,,,,,,
895,TREE,1,2BC,99.0,150.0,51.0,,,,,,,,,,,,,,,
896,TREE,1,3Cd,150.0,191.5,41.5,,,,,,,,,,,,,,,
897,TREE,2,Oe,0.0,2.0,2.0,,,,,,,,,,,,,,,
898,TREE,2,A,2.0,6.0,4.0,,,,,,,,,,,,,,,
899,TREE,2,AB,6.0,10.0,4.0,,,,,,,,,,,,,,,
900,TREE,2,Bsh,10.0,16.0,6.0,,,,,,,,,,,,,,,
901,TREE,2,Bs,16.0,39.0,23.0,,,,,,,,,,,,,,,
902,TREE,2,2BC,39.0,80.0,41.0,,,,,,,,,,,,,,,
903,TREE,2,3Cd,80.0,167.0,87.0,,,,,,,,,,,,,,,
904,TREE,3,Oe,0.0,2.0,2.0,,,,,,,,,,,,,,,
905,TREE,3,A,2.0,10.0,8.0,,,,,,,,,,,,,,,
906,TREE,3,Bs1,10.0,17.0,7.0,,,,,,,,,,,,,,,
907,TREE,3,Bs2,17.0,38.0,21.0,,,,,,,,,,,,,,,
908,TREE,3,2BC1,38.0,74.0,36.0,,,,,,,,,,,,,,,
909,TREE,3,2BC2,74.0,138.5,64.5,,,,,,,,,,,,,,,
910,TREE,3,3Cd,138.5,166.0,27.5,,,,,,,,,,,,,,,
911,TREE,4,A,3.0,5.0,2.0,,,,,,,,,,,,,,,
912,TREE,4,Bs1,5.0,11.0,6.0,,,,,,,,,,,,,,,
913,TREE,4,Bs2,11.0,21.0,10.0,,,,,,,,,,,,,,,
914,TREE,4,2BC1,21.0,69.0,48.0,,,,,,,,,,,,,,,
915,TREE,4,2BC2,69.0,134.0,65.0,,,,,,,,,,,,,,,
916,TREE,4,2BC3,134.0,140.0,6.0,,,,,,,,,,,,,,,
917,TREE,4,3Cd,140.0,158.0,18.0,,,,,,,,,,,,,,,
918,TREE,5,A,0.0,7.0,7.0,,,,,,,,,,,,,,,
919,TREE,5,Bhs,7.0,17.0,10.0,,,,,,,,,,,,,,,
920,TREE,5,Bs1,17.0,51.0,34.0,,,,,,,,,,,,,,,
921,TREE,5,Bs2,51.0,99.0,48.0,,,,,,,,,,,,,,,
922,TREE,5,2BC1,99.0,119.0,20.0,,,,,,,,,,,,,,,
923,TREE,5,2BC2,119.0,157.0,38.0,,,,,,,,,,,,,,,
763,UNDE,1,A,0.0,6.0,6.0,,,,,,,,,,,,,,,
764,UNDE,1,Bhs,6.0,15.0,9.0,,,,,,,,,,,,,,,
765,UNDE,1,Bh ,15.0,28.0,13.0,,,,,,,,,,,,,,,
766,UNDE,1,Bs,28.0,43.0,15.0,,,,,,,,,,,,,,,
767,UNDE,1,Bt1,43.0,64.0,21.0,,,,,,,,,,,,,,,
768,UNDE,1,Bt2,64.0,85.0,21.0,,,,,,,,,,,,,,,
769,UNDE,1,BC,85.0,120.0,35.0,,,,,,,,,,,,,,,
770,UNDE,1,C1,120.0,145.0,25.0,,,,,,,,,,,,,,,
771,UNDE,2,A,0.0,10.0,10.0,,,,,,,,,,,,,,,
772,UNDE,2,Bhs,10.0,22.0,12.0,,,,,,,,,,,,,,,
773,UNDE,2,Bs,22.0,56.0,34.0,,,,,,,,,,,,,,,
774,UNDE,2,Bt,56.0,119.0,63.0,,,,,,,,,,,,,,,
775,UNDE,3,A,0.0,12.0,12.0,,,,,,,,,,,,,,,
776,UNDE,3,Bhs,12.0,31.0,19.0,,,,,,,,,,,,,,,
777,UNDE,3,Bs,31.0,68.0,37.0,,,,,,,,,,,,,,,
778,UNDE,3,A',68.0,76.0,8.0,,,,,,,,,,,,,,,
779,UNDE,3,BC,76.0,106.5,30.5,,,,,,,,,,,,,,,
780,UNDE,4,A,0.0,8.0,8.0,,,,,,,,,,,,,,,
781,UNDE,4,Bhs,8.0,30.0,22.0,,,,,,,,,,,,,,,
782,UNDE,4,BC1,30.0,47.0,17.0,,,,,,,,,,,,,,,
783,UNDE,4,BC2,47.0,124.0,77.0,,,,,,,,,,,,,,,
784,UNDE,4,C,124.0,164.0,40.0,,,,,,,,,,,,,,,
785,UNDE,5,A,0.0,14.0,14.0,,,,,,,,,,,,,,,
786,UNDE,5,Bhs,14.0,21.0,7.0,,,,,,,,,,,,,,,
787,UNDE,5,Bs1,21.0,47.0,26.0,,,,,,,,,,,,,,,
788,UNDE,5,Bs2,47.0,64.0,17.0,,,,,,,,,,,,,,,
789,UNDE,5,B/C,64.0,79.0,15.0,,,,,,,,,,,,,,,
790,UNDE,5,BC,79.0,166.0,87.0,,,,,,,,,,,,,,,
791,WOOD,1,Apk,0.0,15.0,15.0,,,,,,,,,,,,,,,
792,WOOD,1,Bk,15.0,20.0,5.0,,,,,,,,,,,,,,,
793,WOOD,1,2Ck,20.0,45.0,25.0,,,,,,,,,,,,,,,
794,WOOD,2,Apk,0.0,18.5,18.5,,,,,,,,,,,,,,,
795,WOOD,2,2Ck,18.5,54.0,35.5,,,,,,,,,,,,,,,
796,WOOD,3,Apk,0.0,16.5,16.5,,,,,,,,,,,,,,,
797,WOOD,3,2Ck,16.5,49.0,32.5,,,,,,,,,,,,,,,
798,WOOD,4,Apk,0.0,18.0,18.0,,,,,,,,,,,,,,,
799,WOOD,4,AB,18.0,25.5,7.5,,,,,,,,,,,,,,,
800,WOOD,4,Bk,25.5,44.0,18.5,,,,,,,,,,,,,,,
801,WOOD,4,2Ck,44.0,54.0,10.0,,,,,,,,,,,,,,,
802,WOOD,5,Apk,0.0,20.0,20.0,,,,,,,,,,,,,,,
803,WOOD,5,Bk1,20.0,53.0,33.0,,,,,,,,,,,,,,,
804,WOOD,5,Bk2,53.0,84.0,31.0,,,,,,,,,,,,,,,
805,WREF,1,Oe,0.0,4.0,4.0,,,,,,,,,,,,,,,
806,WREF,1,A1,4.0,16.0,12.0,,,,,,,,,,,,,,,
807,WREF,1,A2,16.0,29.0,13.0,,,,,,,,,,,,,,,
808,WREF,1,BA,29.0,50.0,21.0,,,,,,,,,,,,,,,
809,WREF,1,Bw1,50.0,66.0,16.0,,,,,,,,,,,,,,,
810,WREF,1,Bw2,66.0,74.5,8.5,,,,,,,,,,,,,,,
811,WREF,2,Oe,0.0,7.0,7.0,,,,,,,,,,,,,,,
812,WREF,2,A1,7.0,21.5,14.5,,,,,,,,,,,,,,,
813,WREF,2,A2,21.5,32.0,10.5,,,,,,,,,,,,,,,
814,WREF,2,BA,32.0,42.0,10.0,,,,,,,,,,,,,,,
815,WREF,2,Bw1,42.0,62.0,20.0,,,,,,,,,,,,,,,
816,WREF,2,Bw2,62.0,77.0,15.0,,,,,,,,,,,,,,,
817,WREF,3,Oe,0.0,3.0,3.0,,,,,,,,,,,,,,,
818,WREF,3,A1,3.0,9.0,6.0,,,,,,,,,,,,,,,
819,WREF,3,A2,9.0,20.0,11.0,,,,,,,,,,,,,,,
820,WREF,3,BA,20.0,31.0,11.0,,,,,,,,,,,,,,,
821,WREF,3,Bw1,31.0,48.0,17.0,,,,,,,,,,,,,,,
822,WREF,3,Bw2,48.0,73.0,25.0,,,,,,,,,,,,,,,
823,WREF,4,A,0.0,17.0,17.0,,,,,,,,,,,,,,,
824,WREF,4,A2,17.0,36.0,19.0,,,,,,,,,,,,,,,
825,WREF,4,Bw1,36.0,60.0,24.0,,,,,,,,,,,,,,,
826,WREF,4,Bw2,60.0,74.0,14.0,,,,,,,,,,,,,,,
827,WREF,5,A1,0.0,19.0,19.0,,,,,,,,,,,,,,,
828,WREF,5,A2,19.0,37.0,18.0,,,,,,,,,,,,,,,
829,WREF,5,Bw1,37.0,71.0,34.0,,,,,,,,,,,,,,,
,,,,,,,,,,,,,,,,,,,,,
,,,,,,,,,,,,,,,,,,,,,
,,,,,,,,,,,,,,,,,,,,,
,,,,,,,,,,,,,,,,,,,,,
,,,,,,,,,,,,,,,,,,,,,
,,,,,,,,,,,,,,,,,,,,,
,,,,,,,,,,,,,,,,,,,,,
,,,,,,,,,,,,,,,,,,,,,
,,,,,,,,,,,,,,,,,,,,,
,,,,,,,,,,,,,,,,,,,,,
,,,,,,,,,,,,,,,,,,,,,
,,,,,,,,,,,,,,,,,,,,,
,,,,,,,,,,,,,,,,,,,,,
,,,,,,,,,,,,,,,,,,,,,
,,,,,,,,,,,,,,,,,,,,,
,,,,,,,,,,,,,,,,,,,,,
,,,,,,,,,,,,,,,,,,,,,
,,,,,,,,,,,,,,,,,,,,,
,,,,,,,,,,,,,,,,,,,,,
,,,,,,,,,,,,,,,,,,,,,
,,,,,,,,,,,,,,,,,,,,,
,,,,,,,,,,,,,,,,,,,,,
,,,,,,,,,,,,,,,,,,,,,
,,,,,,,,,,,,,,,,,,,,,
,,,,,,,,,,,,,,,,,,,,,
,,,,,,,,,,,,,,,,,,,,,
,,,,,,,,,,,,,,,,,,,,,
,,,,,,,,,,,,,,,,,,,,,
,,,,,,,,,,,,,,,,,,,,,
,,,,,,,,,,,,,,,,,,,,,
,,,,,,,,,,,,,,,,,,,,,
,,,,,,,,,,,,,,,,,,,,,
,,,,,,,,,,,,,,,,,,,,,
,,,,,,,,,,,,,,,,,,,,,
,,,,,,,,,,,,,,,,,,,,,
,,,,,,,,,,,,,,,,,,,,,
,,,,,,,,,,,,,,,,,,,,,
,,,,,,,,,,,,,,,,,,,,,
,,,,,,,,,,,,,,,,,,,,,
,,,,,,,,,,,,,,,,,,,,,
,,,,,,,,,,,,,,,,,,,,,
,,,,,,,,,,,,,,,,,,,,,
,,,,,,,,,,,,,,,,,,,,,
,,,,,,,,,,,,,,,,,,,,,
,,,,,,,,,,,,,,,,,,,,,
,,,,,,,,,,,,,,,,,,,,,
,,,,,,,,,,,,,,,,,,,,,
,,,,,,,,,,,,,,,,,,,,,
,,,,,,,,,,,,,,,,,,,,,
,,,,,,,,,,,,,,,,,,,,,
,,,,,,,,,,,,,,,,,,,,,
,,,,,,,,,,,,,,,,,,,,,
,,,,,,,,,,,,,,,,,,,,,
,,,,,,,,,,,,,,,,,,,,,
,,,,,,,,,,,,,,,,,,,,,
,,,,,,,,,,,,,,,,,,,,,
,,,,,,,,,,,,,,,,,,,,,
,,,,,,,,,,,,,,,,,,,,,
,,,,,,,,,,,,,,,,,,,,,
,,,,,,,,,,,,,,,,,,,,,
,,,,,,,,,,,,,,,,,,,,,
,,,,,,,,,,,,,,,,,,,,,
,,,,,,,,,,,,,,,,,,,,,
,,,,,,,,,,,,,,,,,,,,,
,,,,,,,,,,,,,,,,,,,,,
,,,,,,,,,,,,,,,,,,,,,
,,,,,,,,,,,,,,,,,,,,,
,,,,,,,,,,,,,,,,,,,,,
,,,,,,,,,,,,,,,,,,,,,
,,,,,,,,,,,,,,,,,,,,,
,,,,,,,,,,,,,,,,,,,,,
,,,,,,,,,,,,,,,,,,,,,
,,,,,,,,,,,,,,,,,,,,,
,,,,,,,,,,,,,,,,,,,,,
,,,,,,,,,,,,,,,,,,,,,
,,,,,,,,,,,,,,,,,,,,,
,,,,,,,,,,,,,,,,,,,,,
,,,,,,,,,,,,,,,,,,,,,
,,,,,,,,,,,,,,,,,,,,,
,,,,,,,,,,,,,,,,,,,,,
,,,,,,,,,,,,,,,,,,,,,
,,,,,,,,,,,,,,,,,,,,,
,,,,,,,,,,,,,,,,,,,,,
,,,,,,,,,,,,,,,,,,,,,
,,,,,,,,,,,,,,,,,,,,,
,,,,,,,,,,,,,,,,,,,,,
,,,,,,,,,,,,,,,,,,,,,
,,,,,,,,,,,,,,,,,,,,,
,,,,,,,,,,,,,,,,,,,,,
,,,,,,,,,,,,,,,,,,,,,
,,,,,,,,,,,,,,,,,,,,,
,,,,,,,,,,,,,,,,,,,,,
,,,,,,,,,,,,,,,,,,,,,
,,,,,,,,,,,,,,,,,,,,,
,,,,,,,,,,,,,,,,,,,,,
,,,,,,,,,,,,,,,,,,,,,
,,,,,,,,,,,,,,,,,,,,,
,,,,,,,,,,,,,,,,,,,,,
,,,,,,,,,,,,,,,,,,,,,
,,,,,,,,,,,,,,,,,,,,,
,,,,,,,,,,,,,,,,,,,,,
,,,,,,,,,,,,,,,,,,,,,
,,,,,,,,,,,,,,,,,,,,,
,,,,,,,,,,,,,,,,,,,,,
,,,,,,,,,,,,,,,,,,,,,
,,,,,,,,,,,,,,,,,,,,,
,,,,,,,,,,,,,,,,,,,,,
,,,,,,,,,,,,,,,,,,,,,
,,,,,,,,,,,,,,,,,,,,,
,,,,,,,,,,,,,,,,,,,,,
,,,,,,,,,,,,,,,,,,,,,
,,,,,,,,,,,,,,,,,,,,,
,,,,,,,,,,,,,,,,,,,,,
,,,,,,,,,,,,,,,,,,,,,
,,,,,,,,,,,,,,,,,,,,,
,,,,,,,,,,,,,,,,,,,,,
,,,,,,,,,,,,,,,,,,,,,
,,,,,,,,,,,,,,,,,,,,,
,,,,,,,,,,,,,,,,,,,,,
,,,,,,,,,,,,,,,,,,,,,
,,,,,,,,,,,,,,,,,,,,,
,,,,,,,,,,,,,,,,,,,,,
,,,,,,,,,,,,,,,,,,,,,
,,,,,,,,,,,,,,,,,,,,,
,,,,,,,,,,,,,,,,,,,,,
,,,,,,,,,,,,,,,,,,,,,
,,,,,,,,,,,,,,,,,,,,,
,,,,,,,,,,,,,,,,,,,,,
,,,,,,,,,,,,,,,,,,,,,
,,,,,,,,,,,,,,,,,,,,,
,,,,,,,,,,,,,,,,,,,,,
,,,,,,,,,,,,,,,,,,,,,
,,,,,,,,,,,,,,,,,,,,,
,,,,,,,,,,,,,,,,,,,,,
,,,,,,,,,,,,,,,,,,,,,
,,,,,,,,,,,,,,,,,,,,,
,,,,,,,,,,,,,,,,,,,,,
,,,,,,,,,,,,,,,,,,,,,
,,,,,,,,,,,,,,,,,,,,,
,,,,,,,,,,,,,,,,,,,,,
,,,,,,,,,,,,,,,,,,,,,
,,,,,,,,,,,,,,,,,,,,,
,,,,,,,,,,,,,,,,,,,,,
,,,,,,,,,,,,,,,,,,,,,
,,,,,,,,,,,,,,,,,,,,,
,,,,,,,,,,,,,,,,,,,,,
,,,,,,,,,,,,,,,,,,,,,
,,,,,,,,,,,,,,,,,,,,,
,,,,,,,,,,,,,,,,,,,,,
,,,,,,,,,,,,,,,,,,,,,
,,,,,,,,,,,,,,,,,,,,,
,,,,,,,,,,,,,,,,,,,,,
,,,,,,,,,,,,,,,,,,,,,
,,,,,,,,,,,,,,,,,,,,,
,,,,,,,,,,,,,,,,,,,,,
,,,,,,,,,,,,,,,,,,,,,
,,,,,,,,,,,,,,,,,,,,,
,,,,,,,,,,,,,,,,,,,,,
,,,,,,,,,,,,,,,,,,,,,
,,,,,,,,,,,,,,,,,,,,,
,,,,,,,,,,,,,,,,,,,,,
,,,,,,,,,,,,,,,,,,,,,
,,,,,,,,,,,,,,,,,,,,,
,,,,,,,,,,,,,,,,,,,,,
,,,,,,,,,,,,,,,,,,,,,
,,,,,,,,,,,,,,,,,,,,,
,,,,,,,,,,,,,,,,,,,,,
,,,,,,,,,,,,,,,,,,,,,
,,,,,,,,,,,,,,,,,,,,,
,,,,,,,,,,,,,,,,,,,,,
,,,,,,,,,,,,,,,,,,,,,
,,,,,,,,,,,,,,,,,,,,,
,,,,,,,,,,,,,,,,,,,,,
,,,,,,,,,,,,,,,,,,,,,
,,,,,,,,,,,,,,,,,,,,,
,,,,,,,,,,,,,,,,,,,,,
,,,,,,,,,,,,,,,,,,,,,
,,,,,,,,,,,,,,,,,,,,,
,,,,,,,,,,,,,,,,,,,,,
,,,,,,,,,,,,,,,,,,,,,
,,,,,,,,,,,,,,,,,,,,,
,,,,,,,,,,,,,,,,,,,,,
,,,,,,,,,,,,,,,,,,,,,
,,,,,,,,,,,,,,,,,,,,,
,,,,,,,,,,,,,,,,,,,,,
,,,,,,,,,,,,,,,,,,,,,
,,,,,,,,,,,,,,,,,,,,,
,,,,,,,,,,,,,,,,,,,,,
,,,,,,,,,,,,,,,,,,,,,
,,,,,,,,,,,,,,,,,,,,,
,,,,,,,,,,,,,,,,,,,,,
,,,,,,,,,,,,,,,,,,,,,
,,,,,,,,,,,,,,,,,,,,,
,,,,,,,,,,,,,,,,,,,,,
,,,,,,,,,,,,,,,,,,,,,
,,,,,,,,,,,,,,,,,,,,,
,,,,,,,,,,,,,,,,,,,,,
,,,,,,,,,,,,,,,,,,,,,
,,,,,,,,,,,,,,,,,,,,,
,,,,,,,,,,,,,,,,,,,,,
,,,,,,,,,,,,,,,,,,,,,
,,,,,,,,,,,,,,,,,,,,,
,,,,,,,,,,,,,,,,,,,,,
,,,,,,,,,,,,,,,,,,,,,
,,,,,,,,,,,,,,,,,,,,,
,,,,,,,,,,,,,,,,,,,,,
,,,,,,,,,,,,,,,,,,,,,
,,,,,,,,,,,,,,,,,,,,,
,,,,,,,,,,,,,,,,,,,,,
,,,,,,,,,,,,,,,,,,,,,
,,,,,,,,,,,,,,,,,,,,,
,,,,,,,,,,,,,,,,,,,,,
,,,,,,,,,,,,,,,,,,,,,
,,,,,,,,,,,,,,,,,,,,,
,,,,,,,,,,,,,,,,,,,,,
,,,,,,,,,,,,,,,,,,,,,
,,,,,,,,,,,,,,,,,,,,,
,,,,,,,,,,,,,,,,,,,,,
,,,,,,,,,,,,,,,,,,,,,
,,,,,,,,,,,,,,,,,,,,,
,,,,,,,,,,,,,,,,,,,,,
,,,,,,,,,,,,,,,,,,,,,
,,,,,,,,,,,,,,,,,,,,,
,,,,,,,,,,,,,,,,,,,,,
,,,,,,,,,,,,,,,,,,,,,
,,,,,,,,,,,,,,,,,,,,,
,,,,,,,,,,,,,,,,,,,,,
,,,,,,,,,,,,,,,,,,,,,
,,,,,,,,,,,,,,,,,,,,,
,,,,,,,,,,,,,,,,,,,,,
,,,,,,,,,,,,,,,,,,,,,
,,,,,,,,,,,,,,,,,,,,,
,,,,,,,,,,,,,,,,,,,,,
,,,,,,,,,,,,,,,,,,,,,
,,,,,,,,,,,,,,,,,,,,,
,,,,,,,,,,,,,,,,,,,,,
,,,,,,,,,,,,,,,,,,,,,
,,,,,,,,,,,,,,,,,,,,,
,,,,,,,,,,,,,,,,,,,,,
,,,,,,,,,,,,,,,,,,,,,
,,,,,,,,,,,,,,,,,,,,,
,,,,,,,,,,,,,,,,,,,,,
,,,,,,,,,,,,,,,,,,,,,
,,,,,,,,,,,,,,,,,,,,,
,,,,,,,,,,,,,,,,,,,,,
,,,,,,,,,,,,,,,,,,,,,
,,,,,,,,,,,,,,,,,,,,,
,,,,,,,,,,,,,,,,,,,,,
,,,,,,,,,,,,,,,,,,,,,
,,,,,,,,,,,,,,,,,,,,,
,,,,,,,,,,,,,,,,,,,,,
,,,,,,,,,,,,,,,,,,,,,
,,,,,,,,,,,,,,,,,,,,,
,,,,,,,,,,,,,,,,,,,,,
,,,,,,,,,,,,,,,,,,,,,
,,,,,,,,,,,,,,,,,,,,,
,,,,,,,,,,,,,,,,,,,,,
,,,,,,,,,,,,,,,,,,,,,
,,,,,,,,,,,,,,,,,,,,,
,,,,,,,,,,,,,,,,,,,,,
,,,,,,,,,,,,,,,,,,,,,
,,,,,,,,,,,,,,,,,,,,,
,,,,,,,,,,,,,,,,,,,,,
,,,,,,,,,,,,,,,,,,,,,
,,,,,,,,,,,,,,,,,,,,,
,,,,,,,,,,,,,,,,,,,,,
,,,,,,,,,,,,,,,,,,,,,
,,,,,,,,,,,,,,,,,,,,,
,,,,,,,,,,,,,,,,,,,,,
,,,,,,,,,,,,,,,,,,,,,
,,,,,,,,,,,,,,,,,,,,,
,,,,,,,,,,,,,,,,,,,,,
,,,,,,,,,,,,,,,,,,,,,
,,,,,,,,,,,,,,,,,,,,,
,,,,,,,,,,,,,,,,,,,,,
,,,,,,,,,,,,,,,,,,,,,
,,,,,,,,,,,,,,,,,,,,,
,,,,,,,,,,,,,,,,,,,,,
,,,,,,,,,,,,,,,,,,,,,
,,,,,,,,,,,,,,,,,,,,,
,,,,,,,,,,,,,,,,,,,,,
,,,,,,,,,,,,,,,,,,,,,
,,,,,,,,,,,,,,,,,,,,,
,,,,,,,,,,,,,,,,,,,,,
,,,,,,,,,,,,,,,,,,,,,
,,,,,,,,,,,,,,,,,,,,,
,,,,,,,,,,,,,,,,,,,,,
,,,,,,,,,,,,,,,,,,,,,
,,,,,,,,,,,,,,,,,,,,,
,,,,,,,,,,,,,,,,,,,,,
,,,,,,,,,,,,,,,,,,,,,
,,,,,,,,,,,,,,,,,,,,,
,,,,,,,,,,,,,,,,,,,,,
,,,,,,,,,,,,,,,,,,,,,
,,,,,,,,,,,,,,,,,,,,,
,,,,,,,,,,,,,,,,,,,,,
,,,,,,,,,,,,,,,,,,,,,
,,,,,,,,,,,,,,,,,,,,,
,,,,,,,,,,,,,,,,,,,,,
,,,,,,,,,,,,,,,,,,,,,
,,,,,,,,,,,,,,,,,,,,,
,,,,,,,,,,,,,,,,,,,,,
,,,,,,,,,,,,,,,,,,,,,
,,,,,,,,,,,,,,,,,,,,,
,,,,,,,,,,,,,,,,,,,,,
,,,,,,,,,,,,,,,,,,,,,
,,,,,,,,,,,,,,,,,,,,,
,,,,,,,,,,,,,,,,,,,,,
,,,,,,,,,,,,,,,,,,,,,
,,,,,,,,,,,,,,,,,,,,,
,,,,,,,,,,,,,,,,,,,,,
,,,,,,,,,,,,,,,,,,,,,
,,,,,,,,,,,,,,,,,,,,,
,,,,,,,,,,,,,,,,,,,,,
,,,,,,,,,,,,,,,,,,,,,
,,,,,,,,,,,,,,,,,,,,,
,,,,,,,,,,,,,,,,,,,,,
,,,,,,,,,,,,,,,,,,,,,
,,,,,,,,,,,,,,,,,,,,,
,,,,,,,,,,,,,,,,,,,,,
,,,,,,,,,,,,,,,,,,,,,
,,,,,,,,,,,,,,,,,,,,,
,,,,,,,,,,,,,,,,,,,,,
,,,,,,,,,,,,,,,,,,,,,
,,,,,,,,,,,,,,,,,,,,,
,,,,,,,,,,,,,,,,,,,,,
,,,,,,,,,,,,,,,,,,,,,
,,,,,,,,,,,,,,,,,,,,,
,,,,,,,,,,,,,,,,,,,,,
,,,,,,,,,,,,,,,,,,,,,
,,,,,,,,,,,,,,,,,,,,,
,,,,,,,,,,,,,,,,,,,,,
,,,,,,,,,,,,,,,,,,,,,
,,,,,,,,,,,,,,,,,,,,,
,,,,,,,,,,,,,,,,,,,,,
,,,,,,,,,,,,,,,,,,,,,
,,,,,,,,,,,,,,,,,,,,,
,,,,,,,,,,,,,,,,,,,,,
,,,,,,,,,,,,,,,,,,,,,
,,,,,,,,,,,,,,,,,,,,,
,,,,,,,,,,,,,,,,,,,,,
,,,,,,,,,,,,,,,,,,,,,
,,,,,,,,,,,,,,,,,,,,,
,,,,,,,,,,,,,,,,,,,,,
,,,,,,,,,,,,,,,,,,,,,
,,,,,,,,,,,,,,,,,,,,,
,,,,,,,,,,,,,,,,,,,,,
,,,,,,,,,,,,,,,,,,,,,
,,,,,,,,,,,,,,,,,,,,,
,,,,,,,,,,,,,,,,,,,,,
,,,,,,,,,,,,,,,,,,,,,
,,,,,,,,,,,,,,,,,,,,,
,,,,,,,,,,,,,,,,,,,,,
,,,,,,,,,,,,,,,,,,,,,
,,,,,,,,,,,,,,,,,,,,,
,,,,,,,,,,,,,,,,,,,,,
,,,,,,,,,,,,,,,,,,,,,
,,,,,,,,,,,,,,,,,,,,,
,,,,,,,,,,,,,,,,,,,,,
,,,,,,,,,,,,,,,,,,,,,
,,,,,,,,,,,,,,,,,,,,,
,,,,,,,,,,,,,,,,,,,,,
,,,,,,,,,,,,,,,,,,,,,
,,,,,,,,,,,,,,,,,,,,,
,,,,,,,,,,,,,,,,,,,,,
,,,,,,,,,,,,,,,,,,,,,
,,,,,,,,,,,,,,,,,,,,,
,,,,,,,,,,,,,,,,,,,,,
,,,,,,,,,,,,,,,,,,,,,
,,,,,,,,,,,,,,,,,,,,,
,,,,,,,,,,,,,,,,,,,,,
,,,,,,,,,,,,,,,,,,,,,
,,,,,,,,,,,,,,,,,,,,,
,,,,,,,,,,,,,,,,,,,,,
,,,,,,,,,,,,,,,,,,,,,
,,,,,,,,,,,,,,,,,,,,,
,,,,,,,,,,,,,,,,,,,,,
,,,,,,,,,,,,,,,,,,,,,
,,,,,,,,,,,,,,,,,,,,,
,,,,,,,,,,,,,,,,,,,,,
,,,,,,,,,,,,,,,,,,,,,
,,,,,,,,,,,,,,,,,,,,,
,,,,,,,,,,,,,,,,,,,,,
,,,,,,,,,,,,,,,,,,,,,
,,,,,,,,,,,,,,,,,,,,,
,,,,,,,,,,,,,,,,,,,,,
,,,,,,,,,,,,,,,,,,,,,
,,,,,,,,,,,,,,,,,,,,,
,,,,,,,,,,,,,,,,,,,,,
,,,,,,,,,,,,,,,,,,,,,
,,,,,,,,,,,,,,,,,,,,,
,,,,,,,,,,,,,,,,,,,,,
,,,,,,,,,,,,,,,,,,,,,
,,,,,,,,,,,,,,,,,,,,,
,,,,,,,,,,,,,,,,,,,,,
,,,,,,,,,,,,,,,,,,,,,
,,,,,,,,,,,,,,,,,,,,,
,,,,,,,,,,,,,,,,,,,,,
,,,,,,,,,,,,,,,,,,,,,
,,,,,,,,,,,,,,,,,,,,,
,,,,,,,,,,,,,,,,,,,,,
,,,,,,,,,,,,,,,,,,,,,
,,,,,,,,,,,,,,,,,,,,,
,,,,,,,,,,,,,,,,,,,,,
,,,,,,,,,,,,,,,,,,,,,
,,,,,,,,,,,,,,,,,,,,,
,,,,,,,,,,,,,,,,,,,,,
,,,,,,,,,,,,,,,,,,,,,
,,,,,,,,,,,,,,,,,,,,,
,,,,,,,,,,,,,,,,,,,,,
,,,,,,,,,,,,,,,,,,,,,
,,,,,,,,,,,,,,,,,,,,,
,,,,,,,,,,,,,,,,,,,,,
,,,,,,,,,,,,,,,,,,,,,
,,,,,,,,,,,,,,,,,,,,,
,,,,,,,,,,,,,,,,,,,,,
,,,,,,,,,,,,,,,,,,,,,
,,,,,,,,,,,,,,,,,,,,,
,,,,,,,,,,,,,,,,,,,,,
,,,,,,,,,,,,,,,,,,,,,
,,,,,,,,,,,,,,,,,,,,,
,,,,,,,,,,,,,,,,,,,,,
,,,,,,,,,,,,,,,,,,,,,
,,,,,,,,,,,,,,,,,,,,,
,,,,,,,,,,,,,,,,,,,,,
,,,,,,,,,,,,,,,,,,,,,
,,,,,,,,,,,,,,,,,,,,,
,,,,,,,,,,,,,,,,,,,,,
,,,,,,,,,,,,,,,,,,,,,
,,,,,,,,,,,,,,,,,,,,,
,,,,,,,,,,,,,,,,,,,,,
,,,,,,,,,,,,,,,,,,,,,
,,,,,,,,,,,,,,,,,,,,,
,,,,,,,,,,,,,,,,,,,,,
,,,,,,,,,,,,,,,,,,,,,
,,,,,,,,,,,,,,,,,,,,,
,,,,,,,,,,,,,,,,,,,,,
,,,,,,,,,,,,,,,,,,,,,
,,,,,,,,,,,,,,,,,,,,,
,,,,,,,,,,,,,,,,,,,,,
,,,,,,,,,,,,,,,,,,,,,
,,,,,,,,,,,,,,,,,,,,,
,,,,,,,,,,,,,,,,,,,,,
,,,,,,,,,,,,,,,,,,,,,
,,,,,,,,,,,,,,,,,,,,,
,,,,,,,,,,,,,,,,,,,,,
,,,,,,,,,,,,,,,,,,,,,
,,,,,,,,,,,,,,,,,,,,,
,,,,,,,,,,,,,,,,,,,,,
,,,,,,,,,,,,,,,,,,,,,
,,,,,,,,,,,,,,,,,,,,,
,,,,,,,,,,,,,,,,,,,,,
,,,,,,,,,,,,,,,,,,,,,
,,,,,,,,,,,,,,,,,,,,,
,,,,,,,,,,,,,,,,,,,,,
,,,,,,,,,,,,,,,,,,,,,
,,,,,,,,,,,,,,,,,,,,,
,,,,,,,,,,,,,,,,,,,,,
,,,,,,,,,,,,,,,,,,,,,
,,,,,,,,,,,,,,,,,,,,,
,,,,,,,,,,,,,,,,,,,,,
,,,,,,,,,,,,,,,,,,,,,
,,,,,,,,,,,,,,,,,,,,,
,,,,,,,,,,,,,,,,,,,,,
,,,,,,,,,,,,,,,,,,,,,
,,,,,,,,,,,,,,,,,,,,,
,,,,,,,,,,,,,,,,,,,,,
,,,,,,,,,,,,,,,,,,,,,
,,,,,,,,,,,,,,,,,,,,,
,,,,,,,,,,,,,,,,,,,,,
,,,,,,,,,,,,,,,,,,,,,
,,,,,,,,,,,,,,,,,,,,,
,,,,,,,,,,,,,,,,,,,,,
,,,,,,,,,,,,,,,,,,,,,
,,,,,,,,,,,,,,,,,,,,,
,,,,,,,,,,,,,,,,,,,,,
,,,,,,,,,,,,,,,,,,,,,
,,,,,,,,,,,,,,,,,,,,,
,,,,,,,,,,,,,,,,,,,,,
,,,,,,,,,,,,,,,,,,,,,
,,,,,,,,,,,,,,,,,,,,,
,,,,,,,,,,,,,,,,,,,,,
,,,,,,,,,,,,,,,,,,,,,
,,,,,,,,,,,,,,,,,,,,,
,,,,,,,,,,,,,,,,,,,,,
,,,,,,,,,,,,,,,,,,,,,
,,,,,,,,,,,,,,,,,,,,,
,,,,,,,,,,,,,,,,,,,,,
,,,,,,,,,,,,,,,,,,,,,
,,,,,,,,,,,,,,,,,,,,,
,,,,,,,,,,,,,,,,,,,,,
,,,,,,,,,,,,,,,,,,,,,
,,,,,,,,,,,,,,,,,,,,,
,,,,,,,,,,,,,,,,,,,,,
,,,,,,,,,,,,,,,,,,,,,
,,,,,,,,,,,,,,,,,,,,,
,,,,,,,,,,,,,,,,,,,,,
,,,,,,,,,,,,,,,,,,,,,
,,,,,,,,,,,,,,,,,,,,,
,,,,,,,,,,,,,,,,,,,,,
,,,,,,,,,,,,,,,,,,,,,
,,,,,,,,,,,,,,,,,,,,,
,,,,,,,,,,,,,,,,,,,,,
,,,,,,,,,,,,,,,,,,,,,
,,,,,,,,,,,,,,,,,,,,,
,,,,,,,,,,,,,,,,,,,,,
,,,,,,,,,,,,,,,,,,,,,
,,,,,,,,,,,,,,,,,,,,,
,,,,,,,,,,,,,,,,,,,,,
,,,,,,,,,,,,,,,,,,,,,
,,,,,,,,,,,,,,,,,,,,,
,,,,,,,,,,,,,,,,,,,,,
,,,,,,,,,,,,,,,,,,,,,
,,,,,,,,,,,,,,,,,,,,,
,,,,,,,,,,,,,,,,,,,,,
,,,,,,,,,,,,,,,,,,,,,
,,,,,,,,,,,,,,,,,,,,,
,,,,,,,,,,,,,,,,,,,,,
,,,,,,,,,,,,,,,,,,,,,
,,,,,,,,,,,,,,,,,,,,,
,,,,,,,,,,,,,,,,,,,,,
,,,,,,,,,,,,,,,,,,,,,
,,,,,,,,,,,,,,,,,,,,,
,,,,,,,,,,,,,,,,,,,,,
,,,,,,,,,,,,,,,,,,,,,
,,,,,,,,,,,,,,,,,,,,,
,,,,,,,,,,,,,,,,,,,,,
,,,,,,,,,,,,,,,,,,,,,
,,,,,,,,,,,,,,,,,,,,,
,,,,,,,,,,,,,,,,,,,,,
,,,,,,,,,,,,,,,,,,,,,
,,,,,,,,,,,,,,,,,,,,,
,,,,,,,,,,,,,,,,,,,,,
,,,,,,,,,,,,,,,,,,,,,
,,,,,,,,,,,,,,,,,,,,,
,,,,,,,,,,,,,,,,,,,,,
,,,,,,,,,,,,,,,,,,,,,
,,,,,,,,,,,,,,,,,,,,,
,,,,,,,,,,,,,,,,,,,,,
,,,,,,,,,,,,,,,,,,,,,
,,,,,,,,,,,,,,,,,,,,,
,,,,,,,,,,,,,,,,,,,,,
,,,,,,,,,,,,,,,,,,,,,
,,,,,,,,,,,,,,,,,,,,,
,,,,,,,,,,,,,,,,,,,,,
,,,,,,,,,,,,,,,,,,,,,
,,,,,,,,,,,,,,,,,,,,,
,,,,,,,,,,,,,,,,,,,,,
,,,,,,,,,,,,,,,,,,,,,
,,,,,,,,,,,,,,,,,,,,,
,,,,,,,,,,,,,,,,,,,,,
,,,,,,,,,,,,,,,,,,,,,
,,,,,,,,,,,,,,,,,,,,,
,,,,,,,,,,,,,,,,,,,,,
,,,,,,,,,,,,,,,,,,,,,
,,,,,,,,,,,,,,,,,,,,,
,,,,,,,,,,,,,,,,,,,,,
,,,,,,,,,,,,,,,,,,,,,
,,,,,,,,,,,,,,,,,,,,,
,,,,,,,,,,,,,,,,,,,,,
,,,,,,,,,,,,,,,,,,,,,
,,,,,,,,,,,,,,,,,,,,,
,,,,,,,,,,,,,,,,,,,,,
,,,,,,,,,,,,,,,,,,,,,
,,,,,,,,,,,,,,,,,,,,,
,,,,,,,,,,,,,,,,,,,,,
,,,,,,,,,,,,,,,,,,,,,
,,,,,,,,,,,,,,,,,,,,,
,,,,,,,,,,,,,,,,,,,,,
,,,,,,,,,,,,,,,,,,,,,
,,,,,,,,,,,,,,,,,,,,,
,,,,,,,,,,,,,,,,,,,,,
,,,,,,,,,,,,,,,,,,,,,
,,,,,,,,,,,,,,,,,,,,,
,,,,,,,,,,,,,,,,,,,,,
,,,,,,,,,,,,,,,,,,,,,
,,,,,,,,,,,,,,,,,,,,,
,,,,,,,,,,,,,,,,,,,,,
,,,,,,,,,,,,,,,,,,,,,
,,,,,,,,,,,,,,,,,,,,,
,,,,,,,,,,,,,,,,,,,,,
,,,,,,,,,,,,,,,,,,,,,
,,,,,,,,,,,,,,,,,,,,,
,,,,,,,,,,,,,,,,,,,,,
,,,,,,,,,,,,,,,,,,,,,
,,,,,,,,,,,,,,,,,,,,,
,,,,,,,,,,,,,,,,,,,,,
,,,,,,,,,,,,,,,,,,,,,
,,,,,,,,,,,,,,,,,,,,,
,,,,,,,,,,,,,,,,,,,,,
,,,,,,,,,,,,,,,,,,,,,
,,,,,,,,,,,,,,,,,,,,,
,,,,,,,,,,,,,,,,,,,,,
,,,,,,,,,,,,,,,,,,,,,
,,,,,,,,,,,,,,,,,,,,,
,,,,,,,,,,,,,,,,,,,,,
,,,,,,,,,,,,,,,,,,,,,
,,,,,,,,,,,,,,,,,,,,,
,,,,,,,,,,,,,,,,,,,,,
,,,,,,,,,,,,,,,,,,,,,
,,,,,,,,,,,,,,,,,,,,,
,,,,,,,,,,,,,,,,,,,,,
,,,,,,,,,,,,,,,,,,,,,
,,,,,,,,,,,,,,,,,,,,,
,,,,,,,,,,,,,,,,,,,,,
,,,,,,,,,,,,,,,,,,,,,
,,,,,,,,,,,,,,,,,,,,,
,,,,,,,,,,,,,,,,,,,,,
,,,,,,,,,,,,,,,,,,,,,
,,,,,,,,,,,,,,,,,,,,,
,,,,,,,,,,,,,,,,,,,,,
,,,,,,,,,,,,,,,,,,,,,
,,,,,,,,,,,,,,,,,,,,,
,,,,,,,,,,,,,,,,,,,,,
,,,,,,,,,,,,,,,,,,,,,
,,,,,,,,,,,,,,,,,,,,,
,,,,,,,,,,,,,,,,,,,,,
,,,,,,,,,,,,,,,,,,,,,
,,,,,,,,,,,,,,,,,,,,,
,,,,,,,,,,,,,,,,,,,,,
,,,,,,,,,,,,,,,,,,,,,
,,,,,,,,,,,,,,,,,,,,,
,,,,,,,,,,,,,,,,,,,,,
,,,,,,,,,,,,,,,,,,,,,
,,,,,,,,,,,,,,,,,,,,,
,,,,,,,,,,,,,,,,,,,,,
,,,,,,,,,,,,,,,,,,,,,
,,,,,,,,,,,,,,,,,,,,,
,,,,,,,,,,,,,,,,,,,,,
,,,,,,,,,,,,,,,,,,,,,
,,,,,,,,,,,,,,,,,,,,,
,,,,,,,,,,,,,,,,,,,,,
,,,,,,,,,,,,,,,,,,,,,
,,,,,,,,,,,,,,,,,,,,,
,,,,,,,,,,,,,,,,,,,,,
,,,,,,,,,,,,,,,,,,,,,
,,,,,,,,,,,,,,,,,,,,,
,,,,,,,,,,,,,,,,,,,,,
,,,,,,,,,,,,,,,,,,,,,
,,,,,,,,,,,,,,,,,,,,,
,,,,,,,,,,,,,,,,,,,,,
,,,,,,,,,,,,,,,,,,,,,
,,,,,,,,,,,,,,,,,,,,,
,,,,,,,,,,,,,,,,,,,,,
,,,,,,,,,,,,,,,,,,,,,
,,,,,,,,,,,,,,,,,,,,,
,,,,,,,,,,,,,,,,,,,,,
,,,,,,,,,,,,,,,,,,,,,
,,,,,,,,,,,,,,,,,,,,,
,,,,,,,,,,,,,,,,,,,,,
,,,,,,,,,,,,,,,,,,,,,
,,,,,,,,,,,,,,,,,,,,,
,,,,,,,,,,,,,,,,,,,,,
,,,,,,,,,,,,,,,,,,,,,
,,,,,,,,,,,,,,,,,,,,,
,,,,,,,,,,,,,,,,,,,,,
,,,,,,,,,,,,,,,,,,,,,
,,,,,,,,,,,,,,,,,,,,,
,,,,,,,,,,,,,,,,,,,,,
,,,,,,,,,,,,,,,,,,,,,
,,,,,,,,,,,,,,,,,,,,,
,,,,,,,,,,,,,,,,,,,,,
,,,,,,,,,,,,,,,,,,,,,
,,,,,,,,,,,,,,,,,,,,,
,,,,,,,,,,,,,,,,,,,,,
,,,,,,,,,,,,,,,,,,,,,
,,,,,,,,,,,,,,,,,,,,,
,,,,,,,,,,,,,,,,,,,,,
,,,,,,,,,,,,,,,,,,,,,
,,,,,,,,,,,,,,,,,,,,,
,,,,,,,,,,,,,,,,,,,,,
,,,,,,,,,,,,,,,,,,,,,
,,,,,,,,,,,,,,,,,,,,,
,,,,,,,,,,,,,,,,,,,,,
,,,,,,,,,,,,,,,,,,,,,
,,,,,,,,,,,,,,,,,,,,,
,,,,,,,,,,,,,,,,,,,,,
,,,,,,,,,,,,,,,,,,,,,
,,,,,,,,,,,,,,,,,,,,,
,,,,,,,,,,,,,,,,,,,,,
,,,,,,,,,,,,,,,,,,,,,
,,,,,,,,,,,,,,,,,,,,,
,,,,,,,,,,,,,,,,,,,,,
,,,,,,,,,,,,,,,,,,,,,
,,,,,,,,,,,,,,,,,,,,,
,,,,,,,,,,,,,,,,,,,,,
,,,,,,,,,,,,,,,,,,,,,
,,,,,,,,,,,,,,,,,,,,,
,,,,,,,,,,,,,,,,,,,,,
,,,,,,,,,,,,,,,,,,,,,
,,,,,,,,,,,,,,,,,,,,,
,,,,,,,,,,,,,,,,,,,,,
,,,,,,,,,,,,,,,,,,,,,
,,,,,,,,,,,,,,,,,,,,,
,,,,,,,,,,,,,,,,,,,,,
,,,,,,,,,,,,,,,,,,,,,
,,,,,,,,,,,,,,,,,,,,,
,,,,,,,,,,,,,,,,,,,,,
,,,,,,,,,,,,,,,,,,,,,
,,,,,,,,,,,,,,,,,,,,,
,,,,,,,,,,,,,,,,,,,,,
,,,,,,,,,,,,,,,,,,,,,
,,,,,,,,,,,,,,,,,,,,,
,,,,,,,,,,,,,,,,,,,,,
,,,,,,,,,,,,,,,,,,,,,
,,,,,,,,,,,,,,,,,,,,,
,,,,,,,,,,,,,,,,,,,,,
,,,,,,,,,,,,,,,,,,,,,
,,,,,,,,,,,,,,,,,,,,,
,,,,,,,,,,,,,,,,,,,,,
,,,,,,,,,,,,,,,,,,,,,
,,,,,,,,,,,,,,,,,,,,,
,,,,,,,,,,,,,,,,,,,,,
,,,,,,,,,,,,,,,,,,,,,
,,,,,,,,,,,,,,,,,,,,,
,,,,,,,,,,,,,,,,,,,,,
,,,,,,,,,,,,,,,,,,,,,
,,,,,,,,,,,,,,,,,,,,,
,,,,,,,,,,,,,,,,,,,,,
,,,,,,,,,,,,,,,,,,,,,
,,,,,,,,,,,,,,,,,,,,,
,,,,,,,,,,,,,,,,,,,,,
,,,,,,,,,,,,,,,,,,,,,
,,,,,,,,,,,,,,,,,,,,,
,,,,,,,,,,,,,,,,,,,,,
,,,,,,,,,,,,,,,,,,,,,
,,,,,,,,,,,,,,,,,,,,,
,,,,,,,,,,,,,,,,,,,,,
,,,,,,,,,,,,,,,,,,,,,
,,,,,,,,,,,,,,,,,,,,,
,,,,,,,,,,,,,,,,,,,,,
,,,,,,,,,,,,,,,,,,,,,
,,,,,,,,,,,,,,,,,,,,,
,,,,,,,,,,,,,,,,,,,,,
,,,,,,,,,,,,,,,,,,,,,
,,,,,,,,,,,,,,,,,,,,,
,,,,,,,,,,,,,,,,,,,,,
,,,,,,,,,,,,,,,,,,,,,
,,,,,,,,,,,,,,,,,,,,,
,,,,,,,,,,,,,,,,,,,,,
,,,,,,,,,,,,,,,,,,,,,
,,,,,,,,,,,,,,,,,,,,,
,,,,,,,,,,,,,,,,,,,,,
,,,,,,,,,,,,,,,,,,,,,
,,,,,,,,,,,,,,,,,,,,,
,,,,,,,,,,,,,,,,,,,,,
,,,,,,,,,,,,,,,,,,,,,
,,,,,,,,,,,,,,,,,,,,,
,,,,,,,,,,,,,,,,,,,,,
,,,,,,,,,,,,,,,,,,,,,
,,,,,,,,,,,,,,,,,,,,,
,,,,,,,,,,,,,,,,,,,,,
,,,,,,,,,,,,,,,,,,,,,
,,,,,,,,,,,,,,,,,,,,,
,,,,,,,,,,,,,,,,,,,,,
,,,,,,,,,,,,,,,,,,,,,
,,,,,,,,,,,,,,,,,,,,,
,,,,,,,,,,,,,,,,,,,,,
,,,,,,,,,,,,,,,,,,,,,
,,,,,,,,,,,,,,,,,,,,,
,,,,,,,,,,,,,,,,,,,,,
,,,,,,,,,,,,,,,,,,,,,
,,,,,,,,,,,,,,,,,,,,,
,,,,,,,,,,,,,,,,,,,,,
,,,,,,,,,,,,,,,,,,,,,
,,,,,,,,,,,,,,,,,,,,,
,,,,,,,,,,,,,,,,,,,,,
,,,,,,,,,,,,,,,,,,,,,
,,,,,,,,,,,,,,,,,,,,,
,,,,,,,,,,,,,,,,,,,,,
,,,,,,,,,,,,,,,,,,,,,
,,,,,,,,,,,,,,,,,,,,,
,,,,,,,,,,,,,,,,,,,,,
,,,,,,,,,,,,,,,,,,,,,
,,,,,,,,,,,,,,,,,,,,,
,,,,,,,,,,,,,,,,,,,,,
,,,,,,,,,,,,,,,,,,,,,
,,,,,,,,,,,,,,,,,,,,,
,,,,,,,,,,,,,,,,,,,,,
,,,,,,,,,,,,,,,,,,,,,
,,,,,,,,,,,,,,,,,,,,,
,,,,,,,,,,,,,,,,,,,,,
,,,,,,,,,,,,,,,,,,,,,
,,,,,,,,,,,,,,,,,,,,,
,,,,,,,,,,,,,,,,,,,,,
,,,,,,,,,,,,,,,,,,,,,
,,,,,,,,,,,,,,,,,,,,,
,,,,,,,,,,,,,,,,,,,,,
,,,,,,,,,,,,,,,,,,,,,
,,,,,,,,,,,,,,,,,,,,,
,,,,,,,,,,,,,,,,,,,,,
,,,,,,,,,,,,,,,,,,,,,
,,,,,,,,,,,,,,,,,,,,,
,,,,,,,,,,,,,,,,,,,,,
,,,,,,,,,,,,,,,,,,,,,
,,,,,,,,,,,,,,,,,,,,,
,,,,,,,,,,,,,,,,,,,,,
,,,,,,,,,,,,,,,,,,,,,
,,,,,,,,,,,,,,,,,,,,,
,,,,,,,,,,,,,,,,,,,,,
,,,,,,,,,,,,,,,,,,,,,
,,,,,,,,,,,,,,,,,,,,,
,,,,,,,,,,,,,,,,,,,,,
,,,,,,,,,,,,,,,,,,,,,
,,,,,,,,,,,,,,,,,,,,,
,,,,,,,,,,,,,,,,,,,,,
,,,,,,,,,,,,,,,,,,,,,
,,,,,,,,,,,,,,,,,,,,,
,,,,,,,,,,,,,,,,,,,,,
,,,,,,,,,,,,,,,,,,,,,
,,,,,,,,,,,,,,,,,,,,,
,,,,,,,,,,,,,,,,,,,,,
,,,,,,,,,,,,,,,,,,,,,
,,,,,,,,,,,,,,,,,,,,,
,,,,,,,,,,,,,,,,,,,,,
,,,,,,,,,,,,,,,,,,,,,
,,,,,,,,,,,,,,,,,,,,,
,,,,,,,,,,,,,,,,,,,,,
,,,,,,,,,,,,,,,,,,,,,
,,,,,,,,,,,,,,,,,,,,,
,,,,,,,,,,,,,,,,,,,,,
,,,,,,,,,,,,,,,,,,,,,
,,,,,,,,,,,,,,,,,,,,,
,,,,,,,,,,,,,,,,,,,,,
,,,,,,,,,,,,,,,,,,,,,
,,,,,,,,,,,,,,,,,,,,,
,,,,,,,,,,,,,,,,,,,,,
,,,,,,,,,,,,,,,,,,,,,
,,,,,,,,,,,,,,,,,,,,,
,,,,,,,,,,,,,,,,,,,,,
,,,,,,,,,,,,,,,,,,,,,
,,,,,,,,,,,,,,,,,,,,,
,,,,,,,,,,,,,,,,,,,,,
,,,,,,,,,,,,,,,,,,,,,
,,,,,,,,,,,,,,,,,,,,,
,,,,,,,,,,,,,,,,,,,,,
,,,,,,,,,,,,,,,,,,,,,
,,,,,,,,,,,,,,,,,,,,,
,,,,,,,,,,,,,,,,,,,,,
,,,,,,,,,,,,,,,,,,,,,
,,,,,,,,,,,,,,,,,,,,,
,,,,,,,,,,,,,,,,,,,,,
,,,,,,,,,,,,,,,,,,,,,
,,,,,,,,,,,,,,,,,,,,,
,,,,,,,,,,,,,,,,,,,,,
,,,,,,,,,,,,,,,,,,,,,
,,,,,,,,,,,,,,,,,,,,,
,,,,,,,,,,,,,,,,,,,,,
,,,,,,,,,,,,,,,,,,,,,
,,,,,,,,,,,,,,,,,,,,,
,,,,,,,,,,,,,,,,,,,,,
,,,,,,,,,,,,,,,,,,,,,
,,,,,,,,,,,,,,,,,,,,,
,,,,,,,,,,,,,,,,,,,,,
,,,,,,,,,,,,,,,,,,,,,
,,,,,,,,,,,,,,,,,,,,,
,,,,,,,,,,,,,,,,,,,,,
,,,,,,,,,,,,,,,,,,,,,
,,,,,,,,,,,,,,,,,,,,,
,,,,,,,,,,,,,,,,,,,,,
,,,,,,,,,,,,,,,,,,,,,
,,,,,,,,,,,,,,,,,,,,,
,,,,,,,,,,,,,,,,,,,,,
,,,,,,,,,,,,,,,,,,,,,
,,,,,,,,,,,,,,,,,,,,,
,,,,,,,,,,,,,,,,,,,,,
,,,,,,,,,,,,,,,,,,,,,
,,,,,,,,,,,,,,,,,,,,,
,,,,,,,,,,,,,,,,,,,,,
,,,,,,,,,,,,,,,,,,,,,
,,,,,,,,,,,,,,,,,,,,,
,,,,,,,,,,,,,,,,,,,,,
,,,,,,,,,,,,,,,,,,,,,
,,,,,,,,,,,,,,,,,,,,,
,,,,,,,,,,,,,,,,,,,,,
,,,,,,,,,,,,,,,,,,,,,
,,,,,,,,,,,,,,,,,,,,,
,,,,,,,,,,,,,,,,,,,,,
,,,,,,,,,,,,,,,,,,,,,
,,,,,,,,,,,,,,,,,,,,,
,,,,,,,,,,,,,,,,,,,,,
,,,,,,,,,,,,,,,,,,,,,
,,,,,,,,,,,,,,,,,,,,,
,,,,,,,,,,,,,,,,,,,,,
,,,,,,,,,,,,,,,,,,,,,
,,,,,,,,,,,,,,,,,,,,,
,,,,,,,,,,,,,,,,,,,,,
,,,,,,,,,,,,,,,,,,,,,
,,,,,,,,,,,,,,,,,,,,,
,,,,,,,,,,,,,,,,,,,,,
,,,,,,,,,,,,,,,,,,,,,
,,,,,,,,,,,,,,,,,,,,,
,,,,,,,,,,,,,,,,,,,,,
,,,,,,,,,,,,,,,,,,,,,
,,,,,,,,,,,,,,,,,,,,,
,,,,,,,,,,,,,,,,,,,,,
,,,,,,,,,,,,,,,,,,,,,
,,,,,,,,,,,,,,,,,,,,,
,,,,,,,,,,,,,,,,,,,,,
,,,,,,,,,,,,,,,,,,,,,
,,,,,,,,,,,,,,,,,,,,,
,,,,,,,,,,,,,,,,,,,,,
,,,,,,,,,,,,,,,,,,,,,
,,,,,,,,,,,,,,,,,,,,,
,,,,,,,,,,,,,,,,,,,,,
,,,,,,,,,,,,,,,,,,,,,
,,,,,,,,,,,,,,,,,,,,,
,,,,,,,,,,,,,,,,,,,,,
,,,,,,,,,,,,,,,,,,,,,
,,,,,,,,,,,,,,,,,,,,,
,,,,,,,,,,,,,,,,,,,,,
,,,,,,,,,,,,,,,,,,,,,
,,,,,,,,,,,,,,,,,,,,,
,,,,,,,,,,,,,,,,,,,,,
,,,,,,,,,,,,,,,,,,,,,
,,,,,,,,,,,,,,,,,,,,,
,,,,,,,,,,,,,,,,,,,,,
,,,,,,,,,,,,,,,,,,,,,
,,,,,,,,,,,,,,,,,,,,,
,,,,,,,,,,,,,,,,,,,,,
,,,,,,,,,,,,,,,,,,,,,
,,,,,,,,,,,,,,,,,,,,,
,,,,,,,,,,,,,,,,,,,,,
,,,,,,,,,,,,,,,,,,,,,
,,,,,,,,,,,,,,,,,,,,,
,,,,,,,,,,,,,,,,,,,,,
,,,,,,,,,,,,,,,,,,,,,
,,,,,,,,,,,,,,,,,,,,,
,,,,,,,,,,,,,,,,,,,,,
,,,,,,,,,,,,,,,,,,,,,
,,,,,,,,,,,,,,,,,,,,,
,,,,,,,,,,,,,,,,,,,,,
,,,,,,,,,,,,,,,,,,,,,
,,,,,,,,,,,,,,,,,,,,,
,,,,,,,,,,,,,,,,,,,,,
,,,,,,,,,,,,,,,,,,,,,
,,,,,,,,,,,,,,,,,,,,,
,,,,,,,,,,,,,,,,,,,,,
,,,,,,,,,,,,,,,,,,,,,
,,,,,,,,,,,,,,,,,,,,,
,,,,,,,,,,,,,,,,,,,,,
,,,,,,,,,,,,,,,,,,,,,
,,,,,,,,,,,,,,,,,,,,,
,,,,,,,,,,,,,,,,,,,,,
,,,,,,,,,,,,,,,,,,,,,
,,,,,,,,,,,,,,,,,,,,,
,,,,,,,,,,,,,,,,,,,,,
,,,,,,,,,,,,,,,,,,,,,
,,,,,,,,,,,,,,,,,,,,,
,,,,,,,,,,,,,,,,,,,,,
,,,,,,,,,,,,,,,,,,,,,
,,,,,,,,,,,,,,,,,,,,,
,,,,,,,,,,,,,,,,,,,,,
,,,,,,,,,,,,,,,,,,,,,
,,,,,,,,,,,,,,,,,,,,,
,,,,,,,,,,,,,,,,,,,,,
,,,,,,,,,,,,,,,,,,,,,
,,,,,,,,,,,,,,,,,,,,,
,,,,,,,,,,,,,,,,,,,,,
,,,,,,,,,,,,,,,,,,,,,
,,,,,,,,,,,,,,,,,,,,,
,,,,,,,,,,,,,,,,,,,,,
,,,,,,,,,,,,,,,,,,,,,
,,,,,,,,,,,,,,,,,,,,,
,,,,,,,,,,,,,,,,,,,,,
,,,,,,,,,,,,,,,,,,,,,
,,,,,,,,,,,,,,,,,,,,,
,,,,,,,,,,,,,,,,,,,,,
,,,,,,,,,,,,,,,,,,,,,
,,,,,,,,,,,,,,,,,,,,,
,,,,,,,,,,,,,,,,,,,,,
,,,,,,,,,,,,,,,,,,,,,
,,,,,,,,,,,,,,,,,,,,,
,,,,,,,,,,,,,,,,,,,,,
,,,,,,,,,,,,,,,,,,,,,
,,,,,,,,,,,,,,,,,,,,,
,,,,,,,,,,,,,,,,,,,,,
,,,,,,,,,,,,,,,,,,,,,
,,,,,,,,,,,,,,,,,,,,,
,,,,,,,,,,,,,,,,,,,,,
,,,,,,,,,,,,,,,,,,,,,
,,,,,,,,,,,,,,,,,,,,,
,,,,,,,,,,,,,,,,,,,,,
,,,,,,,,,,,,,,,,,,,,,
,,,,,,,,,,,,,,,,,,,,,
,,,,,,,,,,,,,,,,,,,,,
,,,,,,,,,,,,,,,,,,,,,
,,,,,,,,,,,,,,,,,,,,,
,,,,,,,,,,,,,,,,,,,,,
,,,,,,,,,,,,,,,,,,,,,
,,,,,,,,,,,,,,,,,,,,,
,,,,,,,,,,,,,,,,,,,,,
,,,,,,,,,,,,,,,,,,,,,
,,,,,,,,,,,,,,,,,,,,,
,,,,,,,,,,,,,,,,,,,,,
,,,,,,,,,,,,,,,,,,,,,
,,,,,,,,,,,,,,,,,,,,,
,,,,,,,,,,,,,,,,,,,,,
,,,,,,,,,,,,,,,,,,,,,
,,,,,,,,,,,,,,,,,,,,,
,,,,,,,,,,,,,,,,,,,,,
,,,,,,,,,,,,,,,,,,,,,
,,,,,,,,,,,,,,,,,,,,,
,,,,,,,,,,,,,,,,,,,,,
,,,,,,,,,,,,,,,,,,,,,
,,,,,,,,,,,,,,,,,,,,,
,,,,,,,,,,,,,,,,,,,,,
,,,,,,,,,,,,,,,,,,,,,
,,,,,,,,,,,,,,,,,,,,,
,,,,,,,,,,,,,,,,,,,,,
,,,,,,,,,,,,,,,,,,,,,
,,,,,,,,,,,,,,,,,,,,,
,,,,,,,,,,,,,,,,,,,,,
,,,,,,,,,,,,,,,,,,,,,
